INFO:__main__:Starting calibcam (4.1.3)
objc[29623]: Class AVFFrameReceiver is implemented in both /Users/nilamaitrachaity/miniforge3/envs/aruco_calibcam/lib/python3.10/site-packages/cv2/.dylibs/libavdevice.61.3.100.dylib (0x105f0c3a8) and /Users/nilamaitrachaity/miniforge3/envs/aruco_calibcam/lib/python3.10/site-packages/av/.dylibs/libavdevice.62.3.101.dylib (0x10ea203a8). This may cause spurious casting failures and mysterious crashes. One of the duplicates must be removed or renamed.
objc[29623]: Class AVFAudioReceiver is implemented in both /Users/nilamaitrachaity/miniforge3/envs/aruco_calibcam/lib/python3.10/site-packages/cv2/.dylibs/libavdevice.61.3.100.dylib (0x105f0c3f8) and /Users/nilamaitrachaity/miniforge3/envs/aruco_calibcam/lib/python3.10/site-packages/av/.dylibs/libavdevice.62.3.101.dylib (0x10ea203f8). This may cause spurious casting failures and mysterious crashes. One of the duplicates must be removed or renamed.
Found [8760, 8760] frames in cams
Setting offset to 0!
Inferring sensor size from image
Setting offset to 0!
Inferring sensor size from image
Loading detections from files
INFO:2026-08-05 23:01:19,559:jax._src.xla_bridge:752: Unable to initialize backend 'tpu': INTERNAL: Failed to open libtpu.so: dlopen(libtpu.so, 0x0001): tried: 'libtpu.so' (no such file), '/System/Volumes/Preboot/Cryptexes/OSlibtpu.so' (no such file), '/Users/nilamaitrachaity/miniforge3/envs/aruco_calibcam/bin/../lib/libtpu.so' (no such file), '/usr/lib/libtpu.so' (no such file, not in dyld cache), 'libtpu.so' (no such file)
INFO:jax._src.xla_bridge:Unable to initialize backend 'tpu': INTERNAL: Failed to open libtpu.so: dlopen(libtpu.so, 0x0001): tried: 'libtpu.so' (no such file), '/System/Volumes/Preboot/Cryptexes/OSlibtpu.so' (no such file), '/Users/nilamaitrachaity/miniforge3/envs/aruco_calibcam/bin/../lib/libtpu.so' (no such file), '/usr/lib/libtpu.so' (no such file, not in dyld cache), 'libtpu.so' (no such file)
/Users/nilamaitrachaity/miniforge3/envs/aruco_calibcam/lib/python3.10/site-packages/calibcamlib/camerasystem.py:78: RuntimeWarning: divide by zero encountered in matmul
  X_cam = X_world @ self.cameras[cam_idx]['R'].T + self.cameras[cam_idx]['t']
/Users/nilamaitrachaity/miniforge3/envs/aruco_calibcam/lib/python3.10/site-packages/calibcamlib/camerasystem.py:78: RuntimeWarning: overflow encountered in matmul
  X_cam = X_world @ self.cameras[cam_idx]['R'].T + self.cameras[cam_idx]['t']
/Users/nilamaitrachaity/miniforge3/envs/aruco_calibcam/lib/python3.10/site-packages/calibcamlib/camerasystem.py:78: RuntimeWarning: invalid value encountered in matmul
  X_cam = X_world @ self.cameras[cam_idx]['R'].T + self.cameras[cam_idx]['t']
/Users/nilamaitrachaity/miniforge3/envs/aruco_calibcam/lib/python3.10/site-packages/calibcamlib/camera.py:90: RuntimeWarning: divide by zero encountered in matmul
  x = x @ self.A.T
/Users/nilamaitrachaity/miniforge3/envs/aruco_calibcam/lib/python3.10/site-packages/calibcamlib/camera.py:90: RuntimeWarning: overflow encountered in matmul
  x = x @ self.A.T
/Users/nilamaitrachaity/miniforge3/envs/aruco_calibcam/lib/python3.10/site-packages/calibcamlib/camera.py:90: RuntimeWarning: invalid value encountered in matmul
  x = x @ self.A.T
/Users/nilamaitrachaity/miniforge3/envs/aruco_calibcam/lib/python3.10/site-packages/scipy/sparse/linalg/_isolve/lsmr.py:407: RuntimeWarning: overflow encountered in cast
  condA = max(maxrbar, rhotemp) / min(minrbar, rhotemp)
/Users/nilamaitrachaity/miniforge3/envs/aruco_calibcam/lib/python3.10/site-packages/scipy/sparse/linalg/_isolve/lsmr.py:406: RuntimeWarning: overflow encountered in cast
  minrbar = min(minrbar, rhobarold)
Detected features in 0195 frames in camera 00 - (10±4)
Detected features in 0022 frames in camera 01 - (07±2)
PERFORM SINGLE CAMERA CALIBRATION
10
Omnidir calibration: 195 frames, 36 active corners, 36 total board corners
195 (6, 1, 3) float64
195 (6, 1, 2) float64
Finished single camera calibration.
Omnidir calibration: 22 frames, 28 active corners, 36 total board corners
22 (6, 1, 3) float64
22 (6, 1, 2) float64
Finished single camera calibration.
Used 111 frames for single cam calibration for cam 00
Used 012 frames for single cam calibration for cam 01
Found 0111 frames pose estimation of for cam 000
Found 0012 frames pose estimation of for cam 001
Orienting cam 1 on cam 0 on 90 potential poses
Chose 9 poses.
Mean rvec deviation: [0.01792067 0.01928723 0.01154742]
Mean tvec deviation: [0.00778139 0.00922481 0.01237753]
Setting offset to 0!
Inferring sensor size from image
Setting offset to 0!
Inferring sensor size from image
SAVE MULTI CAMERA CALIBRATION
Saved multi camera calibration to file runs/pair_04/calibration/RMS7_NFEV1000_OFFSET_0_LEFT_T_RIGHT_T/output/joinedsingles_calibraton
Testing objective function vs cameralib
(Minor differences possible due to common board pose in objfun)
Cam | n objfun      | n cameralib   | max objfun    | med objfun    | max cameralib | med cameralib | diff
  0 |          4344 |          2698 |     222100.78 |          1.76 |          7.19 |          0.98 |          0.12
  1 |          4344 |          2698 |        278.79 |          4.40 |          7.58 |          2.00 |          3.97
OPTIMIZING ALL POSES
Objective function took 0.00029387499671429396 s: squaresum 50491940864.0 over 28224 residuals. Shape (28224,).
Jacobian took 0.030596334021538496 s. Shape (28224, 1182), free vars 1182.
Starting optimization procedure
   Iteration     Total nfev        Cost      Cost reduction    Step norm     Optimality   
       0              1         2.5246e+10                                    1.47e+12    
       1              2         3.6594e+09      2.16e+10       9.20e+00       2.01e+11    
       2              3         4.3268e+08      3.23e+09       2.55e+01       2.39e+10    
       3              4         2.8087e+08      1.52e+08       1.57e+02       3.16e+08    
       4              5         7.5790e+07      2.05e+08       1.54e+02       3.25e+07    
       5              7         3.9847e+07      3.59e+07       4.25e+01       1.60e+07    
       6              8         1.5391e+07      2.45e+07       3.47e+01       2.43e+06    
       7              9         1.0054e+07      5.34e+06       3.56e+01       2.16e+06    
       8             10         6.4081e+06      3.65e+06       2.13e+01       1.96e+06    
       9             12         3.7292e+06      2.68e+06       1.89e+01       1.62e+06    
      10             13         1.6328e+06      2.10e+06       1.10e+02       1.12e+06    
      11             15         1.4374e+06      1.95e+05       2.71e+01       9.25e+05    
      12             17         1.3109e+06      1.26e+05       1.70e+01       8.96e+05    
      13             18         1.1887e+06      1.22e+05       1.57e+01       8.86e+05    
      14             19         9.7288e+05      2.16e+05       2.33e+01       8.75e+05    
      15             20         6.5884e+05      3.14e+05       2.74e+01       8.60e+05    
      16             23         6.5749e+05      1.35e+03       1.17e+00       8.56e+05    
      17             24         6.4173e+05      1.58e+04       1.12e+00       8.56e+05    
      18             25         6.1630e+05      2.54e+04       1.97e+00       8.55e+05    
      19             26         5.8432e+05      3.20e+04       2.32e+00       8.55e+05    
      20             27         5.6108e+05      2.32e+04       7.52e+00       8.55e+05    
      21             28         5.3800e+05      2.31e+04       5.79e+00       8.50e+05    
      22             31         5.3695e+05      1.05e+03       9.51e-01       8.49e+05    
      23             32         5.3212e+05      4.82e+03       7.79e-01       8.49e+05    
      24             33         5.2655e+05      5.57e+03       1.36e+00       8.49e+05    
      25             34         5.2254e+05      4.02e+03       2.36e+00       8.47e+05    
      26             35         5.1348e+05      9.05e+03       3.62e+00       8.46e+05    
      27             36         5.1216e+05      1.33e+03       3.74e+00       8.44e+05    
      28             37         5.0831e+05      3.85e+03       1.54e+00       8.44e+05    
      29             38         5.0431e+05      3.99e+03       1.65e+00       8.43e+05    
      30             39         5.0286e+05      1.45e+03       2.03e+00       8.43e+05    
      31             40         4.9904e+05      3.83e+03       2.01e+00       8.42e+05    
      32             41         4.9719e+05      1.84e+03       1.56e+00       8.41e+05    
      33             42         4.9333e+05      3.86e+03       1.38e+00       8.40e+05    
      34             43         4.9289e+05      4.40e+02       2.17e+00       8.37e+05    
      35             44         4.8987e+05      3.02e+03       1.59e+00       8.37e+05    
      36             45         4.8767e+05      2.20e+03       1.55e+00       8.36e+05    
      37             46         4.8620e+05      1.48e+03       1.54e+00       8.36e+05    
      38             47         4.8311e+05      3.08e+03       1.10e+00       8.35e+05    
      39             48         4.8214e+05      9.75e+02       1.51e+00       8.31e+05    
      40             49         4.7819e+05      3.94e+03       2.60e+00       8.28e+05    
      41             51         4.7781e+05      3.84e+02       8.77e-01       8.27e+05    
      42             52         4.7668e+05      1.13e+03       7.98e-01       8.27e+05    
      43             53         4.7606e+05      6.19e+02       9.94e-01       8.25e+05    
      44             54         4.7442e+05      1.65e+03       5.80e-01       8.24e+05    
      45             55         4.7357e+05      8.42e+02       1.11e+00       8.20e+05    
      46             56         4.7175e+05      1.82e+03       1.42e+00       8.17e+05    
      47             57         4.7132e+05      4.33e+02       1.90e+00       8.09e+05    
      48             58         4.6904e+05      2.28e+03       2.82e+00       8.08e+05    
      49             59         4.6883e+05      2.06e+02       1.75e+00       8.07e+05    
      50             60         4.6825e+05      5.82e+02       5.93e-01       8.07e+05    
      51             61         4.6788e+05      3.70e+02       3.69e-01       8.07e+05    
      52             62         4.6743e+05      4.46e+02       4.73e-01       8.05e+05    
      53             63         4.6681e+05      6.24e+02       5.32e-01       8.01e+05    
      54             64         4.6584e+05      9.70e+02       1.07e+00       7.93e+05    
      55             65         4.6382e+05      2.02e+03       2.16e+00       7.77e+05    
      56             66         4.6008e+05      3.74e+03       4.27e+00       7.46e+05    
      57             67         4.4913e+05      1.09e+04       9.17e+00       6.95e+05    
      58             69         4.3769e+05      1.14e+04       4.90e+00       6.77e+05    
      59             70         4.2199e+05      1.57e+04       9.99e+00       6.18e+05    
      60             71         4.0046e+05      2.15e+04       1.96e+01       5.15e+05    
      61             73         3.8464e+05      1.58e+04       1.71e+01       4.96e+05    
      62             74         3.7757e+05      7.07e+03       2.25e+01       4.79e+05    
      63             75         3.7335e+05      4.22e+03       1.33e+01       4.60e+05    
      64             76         3.6573e+05      7.62e+03       1.02e+01       4.42e+05    
      65             77         3.6570e+05      2.34e+01       1.10e+01       4.08e+05    
      66             78         3.6545e+05      2.53e+02       1.36e+01       4.03e+05    
      67             79         3.6027e+05      5.18e+03       2.31e+00       4.02e+05    
      68             81         3.5914e+05      1.13e+03       2.00e+00       4.02e+05    
      69             82         3.5892e+05      2.24e+02       4.64e+00       4.01e+05    
      70             83         3.5707e+05      1.85e+03       1.19e+00       4.01e+05    
      71             84         3.5505e+05      2.02e+03       1.73e+00       4.01e+05    
      72             85         3.5338e+05      1.67e+03       2.42e+00       4.00e+05    
      73             87         3.5285e+05      5.28e+02       1.10e+00       4.00e+05    
      74             88         3.5185e+05      1.00e+03       4.78e-01       4.00e+05    
      75             89         3.5031e+05      1.54e+03       5.29e-01       4.00e+05    
      76             90         3.4926e+05      1.05e+03       1.45e+00       3.98e+05    
      77             92         3.4906e+05      2.09e+02       5.38e-01       3.97e+05    
      78             93         3.4824e+05      8.20e+02       9.35e-01       3.96e+05    
      79             95         3.4809e+05      1.44e+02       4.06e-01       3.96e+05    
      80             96         3.4753e+05      5.59e+02       3.53e-01       3.96e+05    
      81             97         3.4703e+05      5.07e+02       5.62e-01       3.95e+05    
      82             98         3.4677e+05      2.56e+02       1.39e+00       3.93e+05    
      83             100        3.4664e+05      1.31e+02       5.83e-01       3.93e+05    
      84             101        3.4629e+05      3.52e+02       2.79e-01       3.93e+05    
      85             102        3.4603e+05      2.58e+02       8.62e-01       3.92e+05    
      86             103        3.4589e+05      1.41e+02       1.07e+00       3.90e+05    
      87             104        3.4572e+05      1.66e+02       1.34e+00       3.89e+05    
      88             105        3.4568e+05      4.23e+01       1.18e+00       3.87e+05    
      89             106        3.4543e+05      2.55e+02       7.20e-01       3.87e+05    
      90             107        3.4522e+05      2.05e+02       5.62e-01       3.87e+05    
      91             108        3.4507e+05      1.53e+02       5.46e-01       3.86e+05    
      92             109        3.4495e+05      1.20e+02       8.48e-01       3.86e+05    
      93             110        3.4486e+05      8.33e+01       7.14e-01       3.85e+05    
      94             111        3.4474e+05      1.26e+02       7.60e-01       3.84e+05    
      95             112        3.4461e+05      1.26e+02       5.66e-01       3.83e+05    
      96             113        3.4447e+05      1.41e+02       5.55e-01       3.83e+05    
      97             114        3.4433e+05      1.41e+02       5.00e-01       3.82e+05    
      98             115        3.4407e+05      2.64e+02       5.99e-01       3.80e+05    
      99             116        3.4357e+05      5.00e+02       1.85e+00       3.77e+05    
      100            117        3.4260e+05      9.63e+02       2.14e+00       3.71e+05    
      101            119        3.4214e+05      4.62e+02       3.04e+00       3.68e+05    
      102            120        3.4177e+05      3.73e+02       1.58e+00       3.65e+05    
      103            121        3.4129e+05      4.78e+02       2.93e+00       3.62e+05    
      104            122        3.4087e+05      4.19e+02       1.72e+00       3.59e+05    
      105            123        3.4034e+05      5.29e+02       3.02e+00       3.57e+05    
      106            124        3.3937e+05      9.74e+02       3.11e+00       3.52e+05    
      107            125        3.3853e+05      8.36e+02       1.14e+01       3.42e+05    
      108            126        3.3521e+05      3.33e+03       7.49e+00       3.35e+05    
      109            127        3.3023e+05      4.98e+03       1.88e+01       3.22e+05    
      110            128        3.2329e+05      6.93e+03       2.03e+01       3.09e+05    
      111            130        3.2090e+05      2.39e+03       2.11e+00       3.03e+05    
      112            131        3.2078e+05      1.23e+02       1.32e+01       2.92e+05    
      113            132        3.1884e+05      1.94e+03       7.09e+00       2.90e+05    
      114            134        3.1789e+05      9.50e+02       1.72e+00       2.90e+05    
      115            135        3.1678e+05      1.11e+03       1.19e+00       2.90e+05    
      116            136        3.1410e+05      2.67e+03       1.19e+00       2.90e+05    
      117            138        3.1364e+05      4.59e+02       4.84e-01       2.90e+05    
      118            139        3.1211e+05      1.53e+03       4.69e-01       2.90e+05    
      119            140        3.0987e+05      2.25e+03       4.42e-01       2.89e+05    
      120            141        3.0692e+05      2.95e+03       1.90e+00       2.88e+05    
      121            143        3.0663e+05      2.82e+02       9.21e-01       2.88e+05    
      122            144        3.0451e+05      2.13e+03       4.14e-01       2.88e+05    
      123            145        3.0241e+05      2.09e+03       2.81e+00       2.87e+05    
      124            147        3.0201e+05      4.02e+02       8.89e-01       2.86e+05    
      125            148        3.0103e+05      9.79e+02       7.21e-01       2.86e+05    
      126            149        2.9979e+05      1.24e+03       6.80e-01       2.86e+05    
      127            151        2.9945e+05      3.38e+02       5.60e-01       2.86e+05    
      128            152        2.9831e+05      1.14e+03       3.49e-01       2.86e+05    
      129            153        2.9625e+05      2.06e+03       4.57e-01       2.86e+05    
      130            154        2.9622e+05      3.67e+01       1.54e+00       2.85e+05    
      131            155        2.9504e+05      1.18e+03       8.07e-01       2.85e+05    
      132            156        2.9470e+05      3.35e+02       1.24e+00       2.84e+05    
      133            158        2.9456e+05      1.40e+02       3.25e-01       2.84e+05    
      134            159        2.9416e+05      4.06e+02       1.40e-01       2.84e+05    
      135            160        2.9339e+05      7.62e+02       2.44e-01       2.84e+05    
      136            161        2.9288e+05      5.09e+02       6.19e-01       2.84e+05    
      137            163        2.9275e+05      1.34e+02       4.68e-01       2.83e+05    
      138            164        2.9204e+05      7.12e+02       4.00e-01       2.83e+05    
      139            165        2.9147e+05      5.69e+02       8.21e-01       2.83e+05    
      140            166        2.9136e+05      1.08e+02       1.13e+00       2.83e+05    
      141            167        2.9112e+05      2.43e+02       3.24e-01       2.83e+05    
      142            168        2.9094e+05      1.83e+02       6.07e-01       2.82e+05    
      143            169        2.9062e+05      3.18e+02       6.30e-01       2.82e+05    
      144            170        2.9047e+05      1.45e+02       7.07e-01       2.82e+05    
      145            171        2.9021e+05      2.64e+02       6.62e-01       2.82e+05    
      146            172        2.9007e+05      1.40e+02       7.83e-01       2.82e+05    
      147            173        2.8985e+05      2.23e+02       6.88e-01       2.82e+05    
      148            174        2.8971e+05      1.36e+02       8.36e-01       2.81e+05    
      149            175        2.8952e+05      1.85e+02       6.95e-01       2.81e+05    
      150            176        2.8939e+05      1.29e+02       8.68e-01       2.81e+05    
      151            177        2.8925e+05      1.49e+02       6.91e-01       2.81e+05    
      152            178        2.8913e+05      1.19e+02       8.87e-01       2.81e+05    
      153            179        2.8901e+05      1.18e+02       6.78e-01       2.81e+05    
      154            180        2.8890e+05      1.07e+02       8.94e-01       2.81e+05    
      155            181        2.8881e+05      9.59e+01       6.57e-01       2.80e+05    
      156            182        2.8871e+05      9.55e+01       8.93e-01       2.80e+05    
      157            183        2.8863e+05      7.94e+01       6.39e-01       2.80e+05    
      158            184        2.8854e+05      8.57e+01       8.85e-01       2.80e+05    
      159            185        2.8848e+05      6.87e+01       6.17e-01       2.80e+05    
      160            186        2.8840e+05      7.79e+01       8.71e-01       2.79e+05    
      161            187        2.8834e+05      6.20e+01       5.90e-01       2.79e+05    
      162            188        2.8826e+05      7.13e+01       8.58e-01       2.79e+05    
      163            189        2.8821e+05      5.76e+01       5.66e-01       2.79e+05    
      164            190        2.8814e+05      6.65e+01       8.45e-01       2.79e+05    
      165            191        2.8809e+05      5.42e+01       5.49e-01       2.78e+05    
      166            192        2.8802e+05      6.29e+01       8.36e-01       2.78e+05    
      167            193        2.8797e+05      5.14e+01       5.38e-01       2.78e+05    
      168            194        2.8791e+05      6.00e+01       8.35e-01       2.78e+05    
      169            195        2.8786e+05      4.86e+01       5.44e-01       2.78e+05    
      170            196        2.8781e+05      5.72e+01       8.45e-01       2.77e+05    
      171            197        2.8776e+05      4.50e+01       5.70e-01       2.77e+05    
      172            198        2.8771e+05      5.53e+01       8.68e-01       2.77e+05    
      173            199        2.8766e+05      4.11e+01       6.11e-01       2.77e+05    
      174            200        2.8761e+05      5.40e+01       9.04e-01       2.77e+05    
      175            201        2.8757e+05      3.62e+01       6.76e-01       2.76e+05    
      176            202        2.8752e+05      5.66e+01       9.45e-01       2.76e+05    
      177            203        2.8749e+05      3.22e+01       7.44e-01       2.76e+05    
      178            204        2.8740e+05      8.94e+01       2.59e-01       2.76e+05    
      179            205        2.8735e+05      4.75e+01       4.38e-01       2.76e+05    
      180            206        2.8730e+05      4.49e+01       1.87e-01       2.76e+05    
      181            207        2.8725e+05      5.44e+01       5.33e-01       2.76e+05    
      182            208        2.8716e+05      8.61e+01       5.99e-01       2.75e+05    
      183            209        2.8700e+05      1.63e+02       1.24e+00       2.74e+05    
      184            210        2.8669e+05      3.12e+02       2.69e+00       2.71e+05    
      185            211        2.8615e+05      5.40e+02       5.01e+00       2.66e+05    
      186            213        2.8593e+05      2.13e+02       5.19e+00       2.64e+05    
      187            215        2.8583e+05      1.00e+02       1.11e+00       2.63e+05    
      188            216        2.8568e+05      1.54e+02       1.23e+00       2.62e+05    
      189            217        2.8539e+05      2.89e+02       2.73e+00       2.59e+05    
      190            218        2.8516e+05      2.27e+02       6.37e+00       2.55e+05    
      191            220        2.8493e+05      2.36e+02       3.14e+00       2.54e+05    
      192            222        2.8484e+05      8.55e+01       5.36e-01       2.53e+05    
      193            223        2.8480e+05      4.65e+01       4.53e-01       2.53e+05    
      194            224        2.8477e+05      2.22e+01       4.52e-01       2.53e+05    
      195            225        2.8468e+05      9.47e+01       1.48e-01       2.53e+05    
      196            226        2.8462e+05      5.59e+01       1.96e-01       2.53e+05    
      197            227        2.8458e+05      4.68e+01       3.18e-01       2.53e+05    
      198            228        2.8450e+05      7.75e+01       6.33e-01       2.52e+05    
      199            229        2.8436e+05      1.40e+02       1.28e+00       2.51e+05    
      200            230        2.8409e+05      2.67e+02       2.63e+00       2.48e+05    
      201            231        2.8409e+05      2.75e+00       6.28e+00       2.44e+05    
      202            233        2.8387e+05      2.19e+02       5.34e-01       2.44e+05    
      203            234        2.8362e+05      2.48e+02       5.21e-01       2.44e+05    
      204            235        2.8358e+05      4.62e+01       4.06e-01       2.44e+05    
      205            236        2.8356e+05      1.68e+01       4.54e-01       2.43e+05    
      206            237        2.8349e+05      7.37e+01       1.24e-01       2.43e+05    
      207            238        2.8344e+05      4.60e+01       1.56e-01       2.43e+05    
      208            239        2.8340e+05      4.43e+01       2.43e-01       2.43e+05    
      209            240        2.8332e+05      7.28e+01       7.65e-01       2.42e+05    
      210            241        2.8318e+05      1.38e+02       5.90e-01       2.41e+05    
      211            242        2.8292e+05      2.62e+02       2.41e+00       2.39e+05    
      212            243        2.8253e+05      3.90e+02       2.65e+00       2.34e+05    
      213            245        2.8237e+05      1.68e+02       3.72e+00       2.34e+05    
      214            246        2.8231e+05      5.36e+01       1.45e+00       2.33e+05    
      215            247        2.8226e+05      5.28e+01       2.91e+00       2.32e+05    
      216            248        2.8222e+05      3.85e+01       4.58e-01       2.31e+05    
      217            249        2.8219e+05      3.12e+01       3.11e-01       2.31e+05    
      218            250        2.8216e+05      3.08e+01       4.04e-01       2.31e+05    
      219            251        2.8215e+05      1.23e+01       4.30e-01       2.31e+05    
      220            252        2.8205e+05      9.11e+01       1.41e-01       2.31e+05    
      221            253        2.8200e+05      5.31e+01       1.79e-01       2.31e+05    
      222            254        2.8196e+05      3.72e+01       2.45e-01       2.31e+05    
      223            255        2.8193e+05      3.08e+01       3.77e-01       2.30e+05    
      224            256        2.8192e+05      1.54e+01       4.26e-01       2.30e+05    
      225            257        2.8184e+05      7.82e+01       1.42e-01       2.30e+05    
      226            258        2.8181e+05      3.39e+01       1.79e-01       2.30e+05    
      227            259        2.8177e+05      3.80e+01       2.11e-01       2.30e+05    
      228            260        2.8170e+05      6.87e+01       4.26e-01       2.29e+05    
      229            261        2.8157e+05      1.28e+02       7.61e-01       2.28e+05    
      230            262        2.8132e+05      2.49e+02       7.38e-01       2.26e+05    
      231            263        2.8099e+05      3.28e+02       4.06e+00       2.22e+05    
      232            264        2.8064e+05      3.54e+02       7.78e+00       2.18e+05    
      233            266        2.8049e+05      1.53e+02       3.38e+00       2.17e+05    
      234            267        2.8038e+05      1.05e+02       1.40e+00       2.16e+05    
      235            268        2.8036e+05      2.55e+01       1.93e+00       2.15e+05    
      236            269        2.8029e+05      6.73e+01       5.15e-01       2.15e+05    
      237            270        2.8024e+05      4.51e+01       4.46e-01       2.15e+05    
      238            271        2.8024e+05      9.56e+00       5.17e-01       2.15e+05    
      239            272        2.8018e+05      5.52e+01       1.42e-01       2.15e+05    
      240            273        2.8014e+05      4.17e+01       2.12e-01       2.15e+05    
      241            274        2.8011e+05      3.27e+01       1.84e-01       2.15e+05    
      242            275        2.8007e+05      3.62e+01       1.97e-01       2.15e+05    
      243            276        2.8004e+05      2.87e+01       1.82e-01       2.14e+05    
      244            277        2.8001e+05      3.26e+01       1.95e-01       2.14e+05    
      245            278        2.7998e+05      2.62e+01       1.81e-01       2.14e+05    
      246            279        2.7995e+05      3.01e+01       1.93e-01       2.14e+05    
      247            280        2.7993e+05      2.44e+01       1.80e-01       2.14e+05    
      248            281        2.7990e+05      2.83e+01       1.92e-01       2.14e+05    
      249            282        2.7988e+05      2.30e+01       1.80e-01       2.14e+05    
      250            283        2.7985e+05      2.71e+01       1.92e-01       2.14e+05    
      251            284        2.7983e+05      2.17e+01       1.80e-01       2.14e+05    
      252            285        2.7980e+05      2.62e+01       1.93e-01       2.14e+05    
      253            286        2.7978e+05      2.06e+01       1.83e-01       2.13e+05    
      254            287        2.7975e+05      2.59e+01       1.96e-01       2.13e+05    
      255            288        2.7974e+05      1.98e+01       1.87e-01       2.13e+05    
      256            289        2.7971e+05      2.61e+01       2.01e-01       2.13e+05    
      257            290        2.7969e+05      1.91e+01       1.91e-01       2.13e+05    
      258            291        2.7966e+05      2.69e+01       2.06e-01       2.13e+05    
      259            292        2.7964e+05      1.83e+01       1.96e-01       2.13e+05    
      260            293        2.7962e+05      2.57e+01       2.09e-01       2.13e+05    
      261            294        2.7960e+05      1.69e+01       1.98e-01       2.13e+05    
      262            295        2.7958e+05      1.73e+01       1.87e-01       2.13e+05    
      263            296        2.7957e+05      1.63e+01       1.56e-01       2.13e+05    
      264            297        2.7955e+05      1.75e+01       1.26e-01       2.12e+05    
      265            298        2.7952e+05      3.07e+01       1.77e-01       2.12e+05    
      266            299        2.7946e+05      5.85e+01       2.00e-01       2.12e+05    
      267            300        2.7935e+05      1.15e+02       4.36e-01       2.11e+05    
      268            301        2.7912e+05      2.28e+02       7.05e-01       2.09e+05    
      269            302        2.7868e+05      4.39e+02       2.00e+00       2.05e+05    
      270            303        2.7812e+05      5.60e+02       9.14e+00       1.98e+05    
      271            306        2.7797e+05      1.53e+02       1.27e+00       1.97e+05    
      272            308        2.7794e+05      2.85e+01       2.22e-01       1.97e+05    
      273            309        2.7788e+05      5.47e+01       1.94e-01       1.97e+05    
      274            310        2.7785e+05      3.87e+01       3.37e-01       1.97e+05    
      275            311        2.7780e+05      5.09e+01       6.79e-01       1.97e+05    
      276            312        2.7775e+05      4.47e+01       8.87e-01       1.96e+05    
      277            313        2.7771e+05      4.23e+01       9.23e-01       1.96e+05    
      278            314        2.7766e+05      4.72e+01       7.96e-01       1.95e+05    
      279            315        2.7761e+05      5.09e+01       9.24e-01       1.95e+05    
      280            316        2.7755e+05      5.56e+01       4.58e-01       1.95e+05    
      281            317        2.7745e+05      1.06e+02       1.31e+00       1.94e+05    
      282            318        2.7725e+05      1.98e+02       9.18e-01       1.92e+05    
      283            320        2.7717e+05      8.48e+01       1.18e+00       1.91e+05    
      284            321        2.7716e+05      3.28e+00       1.40e+00       1.90e+05    
      285            322        2.7715e+05      1.05e+01       5.05e-01       1.90e+05    
      286            323        2.7709e+05      6.37e+01       1.81e-01       1.90e+05    
      287            324        2.7703e+05      5.34e+01       3.05e-01       1.90e+05    
      288            325        2.7700e+05      3.37e+01       2.28e-01       1.90e+05    
      289            326        2.7697e+05      3.14e+01       2.54e-01       1.90e+05    
      290            327        2.7695e+05      1.82e+01       2.19e-01       1.90e+05    
      291            328        2.7693e+05      2.45e+01       2.41e-01       1.90e+05    
      292            329        2.7691e+05      1.53e+01       2.18e-01       1.90e+05    
      293            330        2.7689e+05      2.22e+01       2.36e-01       1.90e+05    
      294            331        2.7688e+05      1.34e+01       2.18e-01       1.90e+05    
      295            332        2.7686e+05      1.44e+01       1.98e-01       1.90e+05    
      296            333        2.7685e+05      1.48e+01       1.56e-01       1.90e+05    
      297            334        2.7683e+05      1.57e+01       1.25e-01       1.90e+05    
      298            335        2.7680e+05      2.78e+01       2.20e-01       1.89e+05    
      299            336        2.7675e+05      5.27e+01       2.49e-01       1.89e+05    
      300            337        2.7665e+05      1.04e+02       5.79e-01       1.88e+05    
      301            338        2.7644e+05      2.05e+02       9.28e-01       1.87e+05    
      302            339        2.7612e+05      3.22e+02       2.08e+00       1.83e+05    
      303            341        2.7601e+05      1.08e+02       2.55e+00       1.82e+05    
      304            343        2.7598e+05      3.18e+01       1.71e+00       1.82e+05    
      305            344        2.7596e+05      2.33e+01       6.82e-01       1.81e+05    
      306            345        2.7594e+05      1.42e+01       1.22e+00       1.81e+05    
      307            346        2.7585e+05      8.83e+01       4.00e-01       1.81e+05    
      308            347        2.7581e+05      4.06e+01       1.76e-01       1.81e+05    
      309            348        2.7579e+05      2.71e+01       3.37e-01       1.81e+05    
      310            349        2.7576e+05      2.79e+01       2.34e-01       1.80e+05    
      311            350        2.7571e+05      5.19e+01       3.68e-01       1.80e+05    
      312            351        2.7561e+05      9.84e+01       4.80e-01       1.79e+05    
      313            352        2.7547e+05      1.42e+02       1.13e+00       1.78e+05    
      314            353        2.7545e+05      1.71e+01       1.58e+00       1.76e+05    
      315            355        2.7544e+05      1.18e+01       3.75e-01       1.76e+05    
      316            356        2.7542e+05      1.47e+01       2.84e-01       1.76e+05    
      317            357        2.7539e+05      3.53e+01       1.21e-01       1.76e+05    
      318            358        2.7536e+05      3.20e+01       2.29e-01       1.76e+05    
      319            359        2.7530e+05      5.44e+01       3.32e-01       1.76e+05    
      320            360        2.7521e+05      8.70e+01       6.25e-01       1.75e+05    
      321            362        2.7518e+05      3.68e+01       4.28e-01       1.75e+05    
      322            363        2.7515e+05      2.66e+01       4.99e-01       1.74e+05    
      323            365        2.7508e+05      6.88e+01       4.40e-01       1.74e+05    
      324            366        2.7500e+05      8.28e+01       2.08e-01       1.74e+05    
      325            368        2.7499e+05      6.56e+00       1.34e-01       1.74e+05    
      326            369        2.7497e+05      2.07e+01       6.37e-02       1.74e+05    
      327            370        2.7495e+05      2.21e+01       8.64e-02       1.74e+05    
      328            371        2.7492e+05      2.93e+01       1.16e-01       1.74e+05    
      329            372        2.7487e+05      5.12e+01       2.72e-01       1.73e+05    
      330            373        2.7477e+05      9.85e+01       4.87e-01       1.73e+05    
      331            374        2.7458e+05      1.95e+02       9.00e-01       1.71e+05    
      332            375        2.7419e+05      3.84e+02       1.83e+00       1.68e+05    
      333            376        2.7392e+05      2.71e+02       8.27e+00       1.63e+05    
      334            379        2.7385e+05      6.48e+01       1.41e+00       1.63e+05    
      335            380        2.7380e+05      5.33e+01       5.95e-01       1.63e+05    
      336            382        2.7377e+05      3.42e+01       2.77e-01       1.63e+05    
      337            383        2.7370e+05      6.24e+01       2.65e-01       1.62e+05    
      338            384        2.7368e+05      2.93e+01       3.84e-01       1.62e+05    
      339            385        2.7364e+05      3.08e+01       4.47e-01       1.62e+05    
      340            386        2.7363e+05      1.73e+01       4.83e-01       1.62e+05    
      341            387        2.7359e+05      3.93e+01       1.41e-01       1.62e+05    
      342            388        2.7356e+05      2.97e+01       2.10e-01       1.62e+05    
      343            389        2.7353e+05      2.63e+01       1.86e-01       1.62e+05    
      344            390        2.7350e+05      2.80e+01       1.96e-01       1.62e+05    
      345            391        2.7348e+05      2.35e+01       1.93e-01       1.62e+05    
      346            392        2.7345e+05      2.61e+01       1.94e-01       1.62e+05    
      347            393        2.7343e+05      2.19e+01       1.92e-01       1.62e+05    
      348            394        2.7341e+05      2.47e+01       1.95e-01       1.62e+05    
      349            395        2.7339e+05      2.05e+01       1.94e-01       1.62e+05    
      350            396        2.7336e+05      2.36e+01       1.98e-01       1.62e+05    
      351            397        2.7334e+05      1.92e+01       1.98e-01       1.62e+05    
      352            398        2.7332e+05      2.27e+01       2.03e-01       1.62e+05    
      353            399        2.7330e+05      1.82e+01       2.05e-01       1.61e+05    
      354            400        2.7328e+05      2.27e+01       2.08e-01       1.61e+05    
      355            401        2.7326e+05      1.71e+01       2.11e-01       1.61e+05    
      356            402        2.7324e+05      2.35e+01       2.14e-01       1.61e+05    
      357            403        2.7322e+05      1.63e+01       2.16e-01       1.61e+05    
      358            404        2.7320e+05      2.55e+01       2.20e-01       1.61e+05    
      359            405        2.7318e+05      1.62e+01       2.17e-01       1.61e+05    
      360            406        2.7316e+05      2.42e+01       2.20e-01       1.61e+05    
      361            407        2.7314e+05      1.48e+01       2.19e-01       1.61e+05    
      362            408        2.7313e+05      1.61e+01       1.94e-01       1.61e+05    
      363            409        2.7311e+05      1.53e+01       1.41e-01       1.61e+05    
      364            410        2.7310e+05      1.58e+01       1.22e-01       1.61e+05    
      365            411        2.7307e+05      2.59e+01       1.73e-01       1.61e+05    
      366            412        2.7302e+05      4.82e+01       2.95e-01       1.60e+05    
      367            413        2.7294e+05      8.57e+01       6.66e-01       1.60e+05    
      368            416        2.7292e+05      1.49e+01       2.73e-01       1.60e+05    
      369            417        2.7289e+05      2.72e+01       2.35e-01       1.60e+05    
      370            418        2.7287e+05      2.33e+01       2.76e-01       1.59e+05    
      371            419        2.7283e+05      4.22e+01       4.29e-01       1.59e+05    
      372            420        2.7274e+05      9.05e+01       6.43e-01       1.59e+05    
      373            422        2.7272e+05      1.78e+01       6.60e-01       1.58e+05    
      374            423        2.7268e+05      4.36e+01       5.36e-01       1.58e+05    
      375            424        2.7263e+05      4.85e+01       2.99e-01       1.58e+05    
      376            425        2.7253e+05      9.50e+01       5.79e-01       1.57e+05    
      377            426        2.7238e+05      1.56e+02       1.27e+00       1.56e+05    
      378            429        2.7237e+05      6.47e+00       6.26e-01       1.56e+05    
      379            430        2.7235e+05      2.08e+01       4.96e-02       1.56e+05    
      380            431        2.7232e+05      3.44e+01       9.09e-02       1.56e+05    
      381            432        2.7229e+05      2.76e+01       1.75e-01       1.56e+05    
      382            433        2.7225e+05      3.90e+01       4.68e-01       1.55e+05    
      383            434        2.7221e+05      3.78e+01       4.94e-01       1.55e+05    
      384            435        2.7221e+05      4.03e+00       6.71e-01       1.55e+05    
      385            436        2.7219e+05      1.96e+01       2.32e-01       1.55e+05    
      386            437        2.7217e+05      1.30e+01       1.95e-01       1.55e+05    
      387            438        2.7216e+05      1.40e+01       9.65e-02       1.55e+05    
      388            439        2.7214e+05      2.53e+01       1.56e-01       1.54e+05    
      389            440        2.7209e+05      4.82e+01       3.08e-01       1.54e+05    
      390            441        2.7200e+05      8.31e+01       7.04e-01       1.54e+05    
      391            443        2.7199e+05      9.09e+00       6.43e-01       1.53e+05    
      392            444        2.7199e+05      8.47e+00       3.79e-01       1.53e+05    
      393            445        2.7197e+05      1.83e+01       1.17e-01       1.53e+05    
      394            446        2.7194e+05      2.91e+01       1.73e-01       1.53e+05    
      395            447        2.7189e+05      4.70e+01       3.94e-01       1.53e+05    
      396            449        2.7188e+05      1.66e+01       3.16e-01       1.53e+05    
      397            450        2.7185e+05      2.23e+01       3.40e-01       1.53e+05    
      398            452        2.7184e+05      1.28e+01       1.62e-01       1.53e+05    
      399            453        2.7181e+05      2.90e+01       8.68e-02       1.53e+05    
      400            454        2.7180e+05      1.58e+01       1.00e-01       1.52e+05    
      401            455        2.7177e+05      2.56e+01       1.72e-01       1.52e+05    
      402            456        2.7172e+05      4.87e+01       3.25e-01       1.52e+05    
      403            457        2.7165e+05      6.83e+01       8.02e-01       1.52e+05    
      404            459        2.7163e+05      2.47e+01       3.05e-01       1.51e+05    
      405            460        2.7161e+05      1.88e+01       3.02e-01       1.51e+05    
      406            461        2.7160e+05      7.53e+00       4.46e-01       1.51e+05    
      407            462        2.7158e+05      2.42e+01       1.43e-01       1.51e+05    
      408            463        2.7156e+05      1.64e+01       1.83e-01       1.51e+05    
      409            464        2.7153e+05      2.76e+01       1.85e-01       1.51e+05    
      410            465        2.7149e+05      4.76e+01       3.81e-01       1.51e+05    
      411            467        2.7147e+05      1.84e+01       2.97e-01       1.51e+05    
      412            468        2.7145e+05      2.07e+01       2.67e-01       1.50e+05    
      413            469        2.7143e+05      1.84e+01       2.97e-01       1.50e+05    
      414            470        2.7141e+05      2.11e+01       2.70e-01       1.50e+05    
      415            471        2.7139e+05      2.11e+01       2.65e-01       1.50e+05    
      416            472        2.7136e+05      2.16e+01       2.56e-01       1.50e+05    
      417            473        2.7134e+05      2.09e+01       2.70e-01       1.50e+05    
      418            474        2.7132e+05      2.36e+01       2.35e-01       1.50e+05    
      419            475        2.7128e+05      4.44e+01       4.13e-01       1.49e+05    
      420            477        2.7126e+05      2.04e+01       2.81e-01       1.49e+05    
      421            478        2.7123e+05      2.20e+01       2.62e-01       1.49e+05    
      422            479        2.7120e+05      3.23e+01       4.84e-01       1.49e+05    
      423            481        2.7119e+05      1.17e+01       2.16e-01       1.49e+05    
      424            482        2.7117e+05      1.77e+01       1.22e-01       1.49e+05    
      425            483        2.7114e+05      2.78e+01       1.96e-01       1.49e+05    
      426            484        2.7110e+05      4.75e+01       4.08e-01       1.49e+05    
      427            486        2.7107e+05      2.27e+01       2.58e-01       1.48e+05    
      428            487        2.7105e+05      2.52e+01       2.44e-01       1.48e+05    
      429            488        2.7101e+05      3.48e+01       4.83e-01       1.48e+05    
      430            489        2.7101e+05      3.47e+00       6.98e-01       1.48e+05    
      431            490        2.7099e+05      2.20e+01       2.56e-01       1.48e+05    
      432            491        2.7097e+05      2.06e+01       1.42e-01       1.48e+05    
      433            492        2.7094e+05      3.18e+01       2.01e-01       1.48e+05    
      434            493        2.7088e+05      5.16e+01       4.01e-01       1.47e+05    
      435            495        2.7086e+05      2.30e+01       2.80e-01       1.47e+05    
      436            496        2.7083e+05      3.13e+01       2.64e-01       1.47e+05    
      437            498        2.7082e+05      1.44e+01       1.98e-01       1.47e+05    
      438            499        2.7077e+05      4.49e+01       1.24e-01       1.47e+05    
      439            500        2.7074e+05      3.10e+01       1.96e-01       1.47e+05    
      440            501        2.7069e+05      5.38e+01       3.97e-01       1.47e+05    
      441            503        2.7066e+05      2.23e+01       2.90e-01       1.47e+05    
      442            504        2.7064e+05      2.45e+01       2.62e-01       1.47e+05    
      443            505        2.7062e+05      2.29e+01       2.95e-01       1.46e+05    
      444            506        2.7059e+05      2.33e+01       2.86e-01       1.46e+05    
      445            507        2.7057e+05      2.19e+01       3.10e-01       1.46e+05    
      446            508        2.7055e+05      2.26e+01       2.99e-01       1.46e+05    
      447            509        2.7053e+05      2.12e+01       3.23e-01       1.46e+05    
      448            510        2.7051e+05      2.21e+01       3.11e-01       1.46e+05    
      449            511        2.7048e+05      2.11e+01       3.26e-01       1.46e+05    
      450            512        2.7046e+05      2.37e+01       3.01e-01       1.46e+05    
      451            513        2.7044e+05      2.40e+01       3.02e-01       1.46e+05    
      452            514        2.7041e+05      2.62e+01       2.76e-01       1.46e+05    
      453            515        2.7038e+05      2.70e+01       2.74e-01       1.45e+05    
      454            516        2.7032e+05      6.09e+01       3.97e-01       1.45e+05    
      455            517        2.7020e+05      1.22e+02       8.09e-01       1.45e+05    
      456            518        2.7002e+05      1.82e+02       1.66e+00       1.44e+05    
      457            520        2.6998e+05      3.83e+01       7.35e-01       1.44e+05    
      458            521        2.6988e+05      9.79e+01       4.70e-01       1.44e+05    
      459            523        2.6986e+05      1.90e+01       4.55e-01       1.44e+05    
      460            524        2.6982e+05      4.75e+01       3.85e-01       1.44e+05    
      461            525        2.6979e+05      2.48e+01       4.09e-01       1.44e+05    
      462            526        2.6976e+05      3.20e+01       3.26e-01       1.44e+05    
      463            527        2.6972e+05      3.59e+01       2.78e-01       1.43e+05    
      464            528        2.6965e+05      7.75e+01       4.36e-01       1.43e+05    
      465            529        2.6950e+05      1.46e+02       9.11e-01       1.43e+05    
      466            530        2.6929e+05      2.11e+02       1.81e+00       1.42e+05    
      467            532        2.6920e+05      8.78e+01       6.54e-01       1.42e+05    
      468            533        2.6913e+05      7.43e+01       6.14e-01       1.42e+05    
      469            534        2.6908e+05      4.82e+01       7.28e-01       1.42e+05    
      470            536        2.6905e+05      3.14e+01       2.42e-01       1.42e+05    
      471            537        2.6900e+05      4.33e+01       1.60e-01       1.42e+05    
      472            538        2.6894e+05      6.73e+01       2.32e-01       1.42e+05    
      473            539        2.6881e+05      1.31e+02       4.61e-01       1.42e+05    
      474            540        2.6855e+05      2.57e+02       1.03e+00       1.42e+05    
      475            541        2.6812e+05      4.30e+02       1.89e+00       1.41e+05    
      476            542        2.6727e+05      8.44e+02       3.32e+00       1.39e+05    
      477            545        2.6723e+05      4.82e+01       9.67e-01       1.39e+05    
      478            546        2.6711e+05      1.18e+02       2.51e-01       1.39e+05    
      479            547        2.6698e+05      1.30e+02       2.69e-01       1.39e+05    
      480            548        2.6678e+05      1.99e+02       1.06e+00       1.39e+05    
      481            549        2.6641e+05      3.68e+02       1.18e+00       1.38e+05    
      482            550        2.6592e+05      4.93e+02       1.78e+00       1.37e+05    
      483            553        2.6580e+05      1.17e+02       4.20e-01       1.37e+05    
      484            554        2.6543e+05      3.76e+02       8.16e-01       1.37e+05    
      485            555        2.6514e+05      2.89e+02       1.78e+00       1.37e+05    
      486            556        2.6497e+05      1.68e+02       1.82e+00       1.37e+05    
      487            557        2.6462e+05      3.52e+02       4.89e-01       1.37e+05    
      488            558        2.6426e+05      3.61e+02       9.13e-01       1.37e+05    
      489            559        2.6371e+05      5.49e+02       8.62e-01       1.37e+05    
      490            560        2.6318e+05      5.29e+02       9.28e-01       1.36e+05    
      491            561        2.6226e+05      9.14e+02       9.02e-01       1.36e+05    
      492            562        2.6222e+05      4.38e+01       2.37e+00       1.36e+05    
      493            563        2.6103e+05      1.19e+03       1.33e+00       1.36e+05    
      494            564        2.6068e+05      3.58e+02       5.73e-01       1.36e+05    
      495            565        2.6003e+05      6.43e+02       3.80e-01       1.36e+05    
      496            566        2.5920e+05      8.31e+02       7.00e-01       1.36e+05    
      497            567        2.5893e+05      2.71e+02       1.94e+00       1.36e+05    
      498            568        2.5892e+05      1.10e+01       2.36e+00       1.35e+05    
      499            569        2.5851e+05      4.13e+02       6.63e-01       1.35e+05    
      500            570        2.5806e+05      4.46e+02       7.25e-01       1.35e+05    
      501            571        2.5757e+05      4.92e+02       6.03e-01       1.35e+05    
      502            572        2.5756e+05      8.91e+00       1.08e+00       1.35e+05    
      503            573        2.5717e+05      3.92e+02       3.27e-01       1.35e+05    
      504            574        2.5690e+05      2.71e+02       5.09e-01       1.35e+05    
      505            575        2.5650e+05      4.01e+02       3.26e-01       1.35e+05    
      506            576        2.5639e+05      1.05e+02       8.51e-01       1.35e+05    
      507            578        2.5628e+05      1.15e+02       2.91e-01       1.35e+05    
      508            579        2.5607e+05      2.08e+02       2.40e-01       1.35e+05    
      509            580        2.5578e+05      2.90e+02       3.21e-01       1.35e+05    
      510            581        2.5572e+05      6.20e+01       8.15e-01       1.35e+05    
      511            582        2.5557e+05      1.49e+02       2.85e-01       1.35e+05    
      512            583        2.5547e+05      1.01e+02       4.79e-01       1.35e+05    
      513            584        2.5535e+05      1.18e+02       4.84e-01       1.35e+05    
      514            585        2.5528e+05      6.39e+01       4.82e-01       1.35e+05    
      515            586        2.5519e+05      9.89e+01       4.78e-01       1.35e+05    
      516            587        2.5514e+05      4.97e+01       4.76e-01       1.35e+05    
      517            588        2.5505e+05      8.72e+01       4.76e-01       1.34e+05    
      518            589        2.5501e+05      3.97e+01       4.76e-01       1.34e+05    
      519            590        2.5488e+05      1.32e+02       1.37e-01       1.34e+05    
      520            591        2.5475e+05      1.25e+02       2.40e-01       1.34e+05    
      521            592        2.5468e+05      7.45e+01       3.58e-01       1.34e+05    
      522            593        2.5462e+05      5.22e+01       4.48e-01       1.34e+05    
      523            594        2.5461e+05      1.58e+01       4.90e-01       1.34e+05    
      524            595        2.5451e+05      1.03e+02       1.42e-01       1.34e+05    
      525            596        2.5443e+05      7.52e+01       2.34e-01       1.34e+05    
      526            597        2.5438e+05      5.05e+01       3.54e-01       1.34e+05    
      527            598        2.5434e+05      4.39e+01       4.09e-01       1.34e+05    
      528            599        2.5431e+05      2.45e+01       4.46e-01       1.34e+05    
      529            600        2.5424e+05      7.35e+01       1.40e-01       1.34e+05    
      530            601        2.5418e+05      5.80e+01       2.13e-01       1.34e+05    
      531            602        2.5413e+05      4.86e+01       3.32e-01       1.34e+05    
      532            603        2.5408e+05      4.82e+01       3.55e-01       1.34e+05    
      533            604        2.5404e+05      3.89e+01       3.82e-01       1.34e+05    
      534            605        2.5400e+05      4.54e+01       3.80e-01       1.34e+05    
      535            606        2.5396e+05      3.67e+01       3.94e-01       1.34e+05    
      536            607        2.5392e+05      4.29e+01       3.95e-01       1.34e+05    
      537            608        2.5389e+05      3.05e+01       4.17e-01       1.34e+05    
      538            609        2.5385e+05      3.73e+01       4.28e-01       1.34e+05    
      539            610        2.5383e+05      1.84e+01       4.55e-01       1.34e+05    
      540            611        2.5376e+05      7.82e+01       1.47e-01       1.34e+05    
      541            612        2.5371e+05      4.30e+01       2.01e-01       1.34e+05    
      542            613        2.5366e+05      5.15e+01       3.01e-01       1.33e+05    
      543            614        2.5357e+05      9.47e+01       5.72e-01       1.33e+05    
      544            615        2.5339e+05      1.79e+02       1.08e+00       1.33e+05    
      545            616        2.5308e+05      3.08e+02       2.15e+00       1.33e+05    
      546            618        2.5302e+05      5.40e+01       1.50e+00       1.32e+05    
      547            619        2.5288e+05      1.40e+02       7.41e-01       1.32e+05    
      548            620        2.5284e+05      4.52e+01       6.00e-01       1.32e+05    
      549            621        2.5278e+05      5.60e+01       4.62e-01       1.32e+05    
      550            622        2.5273e+05      5.35e+01       4.26e-01       1.32e+05    
      551            623        2.5267e+05      5.98e+01       3.92e-01       1.32e+05    
      552            624        2.5261e+05      5.74e+01       3.87e-01       1.32e+05    
      553            625        2.5255e+05      6.22e+01       3.66e-01       1.32e+05    
      554            626        2.5249e+05      5.93e+01       3.67e-01       1.32e+05    
      555            627        2.5243e+05      6.36e+01       3.52e-01       1.32e+05    
      556            628        2.5233e+05      9.63e+01       6.67e-01       1.32e+05    
      557            629        2.5220e+05      1.31e+02       1.27e+00       1.32e+05    
      558            631        2.5214e+05      5.99e+01       4.70e-01       1.32e+05    
      559            632        2.5207e+05      6.59e+01       3.83e-01       1.32e+05    
      560            633        2.5198e+05      8.85e+01       6.49e-01       1.32e+05    
      561            634        2.5198e+05      4.83e+00       9.65e-01       1.32e+05    
      562            635        2.5189e+05      9.29e+01       4.29e-01       1.32e+05    
      563            636        2.5182e+05      6.75e+01       3.71e-01       1.31e+05    
      564            637        2.5173e+05      8.99e+01       6.87e-01       1.31e+05    
      565            638        2.5169e+05      3.63e+01       8.28e-01       1.31e+05    
      566            639        2.5161e+05      7.89e+01       4.40e-01       1.31e+05    
      567            640        2.5155e+05      6.74e+01       1.93e-01       1.31e+05    
      568            641        2.5147e+05      8.17e+01       2.68e-01       1.31e+05    
      569            642        2.5134e+05      1.28e+02       5.25e-01       1.31e+05    
      570            643        2.5109e+05      2.42e+02       1.06e+00       1.31e+05    
      571            644        2.5066e+05      4.34e+02       2.11e+00       1.31e+05    
      572            646        2.5035e+05      3.16e+02       1.06e+00       1.30e+05    
      573            647        2.5027e+05      7.12e+01       2.59e+00       1.30e+05    
      574            648        2.4998e+05      2.98e+02       1.78e+00       1.30e+05    
      575            650        2.4991e+05      6.92e+01       2.87e-01       1.30e+05    
      576            651        2.4983e+05      7.85e+01       3.04e-01       1.30e+05    
      577            652        2.4973e+05      9.57e+01       2.74e-01       1.30e+05    
      578            653        2.4958e+05      1.48e+02       5.37e-01       1.30e+05    
      579            654        2.4932e+05      2.65e+02       1.07e+00       1.30e+05    
      580            655        2.4925e+05      7.26e+01       2.52e+00       1.29e+05    
      581            656        2.4900e+05      2.43e+02       1.83e+00       1.29e+05    
      582            658        2.4894e+05      6.73e+01       3.00e-01       1.29e+05    
      583            659        2.4886e+05      7.96e+01       6.33e-01       1.29e+05    
      584            660        2.4877e+05      8.97e+01       4.09e-01       1.29e+05    
      585            661        2.4866e+05      1.05e+02       3.19e-01       1.29e+05    
      586            662        2.4851e+05      1.49e+02       5.76e-01       1.29e+05    
      587            663        2.4836e+05      1.51e+02       1.30e+00       1.29e+05    
      588            665        2.4829e+05      7.49e+01       4.37e-01       1.29e+05    
      589            666        2.4819e+05      9.62e+01       3.69e-01       1.29e+05    
      590            667        2.4804e+05      1.49e+02       6.07e-01       1.29e+05    
      591            668        2.4793e+05      1.16e+02       1.27e+00       1.29e+05    
      592            670        2.4785e+05      7.33e+01       5.47e-01       1.29e+05    
      593            671        2.4773e+05      1.24e+02       4.03e-01       1.29e+05    
      594            672        2.4761e+05      1.18e+02       6.61e-01       1.29e+05    
      595            673        2.4760e+05      1.01e+01       9.60e-01       1.29e+05    
      596            674        2.4747e+05      1.31e+02       4.01e-01       1.29e+05    
      597            675        2.4737e+05      9.88e+01       1.95e-01       1.28e+05    
      598            676        2.4725e+05      1.19e+02       2.62e-01       1.28e+05    
      599            677        2.4708e+05      1.74e+02       5.23e-01       1.28e+05    
      600            678        2.4676e+05      3.13e+02       1.04e+00       1.28e+05    
      601            679        2.4621e+05      5.57e+02       2.07e+00       1.28e+05    
      602            681        2.4589e+05      3.14e+02       1.13e+00       1.28e+05    
      603            683        2.4583e+05      5.99e+01       9.00e-01       1.28e+05    
      604            684        2.4578e+05      5.27e+01       8.39e-01       1.28e+05    
      605            685        2.4564e+05      1.39e+02       5.59e-01       1.28e+05    
      606            686        2.4553e+05      1.08e+02       1.94e-01       1.28e+05    
      607            687        2.4540e+05      1.32e+02       2.66e-01       1.28e+05    
      608            688        2.4522e+05      1.80e+02       5.23e-01       1.27e+05    
      609            689        2.4492e+05      3.04e+02       1.08e+00       1.27e+05    
      610            691        2.4479e+05      1.25e+02       6.07e-01       1.27e+05    
      611            692        2.4472e+05      7.67e+01       8.35e-01       1.27e+05    
      612            693        2.4470e+05      1.39e+01       9.48e-01       1.27e+05    
      613            694        2.4458e+05      1.20e+02       4.99e-01       1.27e+05    
      614            695        2.4448e+05      1.00e+02       1.65e-01       1.27e+05    
      615            696        2.4436e+05      1.21e+02       2.63e-01       1.27e+05    
      616            697        2.4418e+05      1.76e+02       5.23e-01       1.27e+05    
      617            698        2.4388e+05      3.04e+02       1.06e+00       1.27e+05    
      618            699        2.4381e+05      6.70e+01       2.29e+00       1.26e+05    
      619            700        2.4365e+05      1.66e+02       2.00e+00       1.26e+05    
      620            701        2.4342e+05      2.25e+02       6.80e-01       1.26e+05    
      621            702        2.4333e+05      9.79e+01       1.87e-01       1.26e+05    
      622            703        2.4320e+05      1.23e+02       2.74e-01       1.26e+05    
      623            704        2.4303e+05      1.74e+02       5.32e-01       1.26e+05    
      624            705        2.4280e+05      2.30e+02       1.20e+00       1.26e+05    
      625            707        2.4274e+05      6.12e+01       4.64e-01       1.26e+05    
      626            708        2.4262e+05      1.15e+02       2.67e-01       1.26e+05    
      627            709        2.4245e+05      1.70e+02       5.46e-01       1.26e+05    
      628            710        2.4222e+05      2.29e+02       1.09e+00       1.26e+05    
      629            712        2.4218e+05      4.81e+01       5.54e-01       1.26e+05    
      630            713        2.4206e+05      1.13e+02       2.97e-01       1.26e+05    
      631            714        2.4192e+05      1.46e+02       6.21e-01       1.26e+05    
      632            716        2.4185e+05      6.38e+01       3.60e-01       1.26e+05    
      633            717        2.4174e+05      1.12e+02       2.87e-01       1.25e+05    
      634            718        2.4158e+05      1.59e+02       5.53e-01       1.25e+05    
      635            719        2.4150e+05      7.72e+01       1.42e+00       1.25e+05    
      636            720        2.4135e+05      1.50e+02       8.11e-01       1.25e+05    
      637            721        2.4124e+05      1.14e+02       3.08e-01       1.25e+05    
      638            722        2.4109e+05      1.47e+02       5.94e-01       1.25e+05    
      639            724        2.4103e+05      6.07e+01       4.18e-01       1.25e+05    
      640            725        2.4093e+05      1.03e+02       3.12e-01       1.25e+05    
      641            726        2.4080e+05      1.29e+02       6.60e-01       1.25e+05    
      642            727        2.4079e+05      1.29e+01       8.89e-01       1.25e+05    
      643            728        2.4068e+05      1.10e+02       5.10e-01       1.25e+05    
      644            729        2.4059e+05      8.60e+01       1.29e-01       1.25e+05    
      645            730        2.4048e+05      1.07e+02       2.63e-01       1.25e+05    
      646            731        2.4032e+05      1.61e+02       5.24e-01       1.25e+05    
      647            732        2.4005e+05      2.72e+02       1.01e+00       1.24e+05    
      648            733        2.3964e+05      4.15e+02       1.91e+00       1.24e+05    
      649            735        2.3960e+05      3.53e+01       1.63e+00       1.24e+05    
      650            736        2.3947e+05      1.26e+02       7.58e-01       1.24e+05    
      651            737        2.3936e+05      1.14e+02       2.91e-01       1.24e+05    
      652            738        2.3921e+05      1.53e+02       5.85e-01       1.23e+05    
      653            739        2.3896e+05      2.52e+02       1.42e+00       1.23e+05    
      654            741        2.3883e+05      1.25e+02       1.22e+00       1.23e+05    
      655            742        2.3873e+05      1.02e+02       1.46e+00       1.23e+05    
      656            744        2.3866e+05      6.72e+01       5.30e-01       1.23e+05    
      657            745        2.3858e+05      8.13e+01       4.17e-01       1.23e+05    
      658            746        2.3852e+05      6.31e+01       5.38e-01       1.23e+05    
      659            747        2.3846e+05      5.42e+01       5.32e-01       1.23e+05    
      660            748        2.3841e+05      5.48e+01       5.64e-01       1.23e+05    
      661            749        2.3836e+05      5.23e+01       5.32e-01       1.23e+05    
      662            750        2.3830e+05      5.47e+01       5.56e-01       1.23e+05    
      663            751        2.3825e+05      5.13e+01       5.27e-01       1.23e+05    
      664            752        2.3820e+05      5.34e+01       5.57e-01       1.23e+05    
      665            753        2.3815e+05      4.98e+01       5.28e-01       1.23e+05    
      666            754        2.3809e+05      5.17e+01       5.60e-01       1.23e+05    
      667            755        2.3805e+05      4.82e+01       5.32e-01       1.23e+05    
      668            756        2.3800e+05      5.00e+01       5.65e-01       1.23e+05    
      669            757        2.3795e+05      4.66e+01       5.36e-01       1.22e+05    
      670            758        2.3790e+05      4.86e+01       5.70e-01       1.22e+05    
      671            759        2.3786e+05      4.52e+01       5.41e-01       1.22e+05    
      672            760        2.3781e+05      4.71e+01       5.75e-01       1.22e+05    
      673            761        2.3777e+05      4.38e+01       5.46e-01       1.22e+05    
      674            762        2.3772e+05      4.60e+01       5.79e-01       1.22e+05    
      675            763        2.3768e+05      4.27e+01       5.50e-01       1.22e+05    
      676            764        2.3763e+05      4.48e+01       5.84e-01       1.22e+05    
      677            765        2.3759e+05      4.15e+01       5.55e-01       1.22e+05    
      678            766        2.3755e+05      4.37e+01       5.87e-01       1.22e+05    
      679            767        2.3751e+05      4.04e+01       5.59e-01       1.22e+05    
      680            768        2.3746e+05      4.30e+01       5.91e-01       1.22e+05    
      681            769        2.3742e+05      3.93e+01       5.62e-01       1.22e+05    
      682            770        2.3738e+05      4.21e+01       5.94e-01       1.22e+05    
      683            771        2.3734e+05      3.83e+01       5.66e-01       1.22e+05    
      684            772        2.3730e+05      4.11e+01       5.97e-01       1.22e+05    
      685            773        2.3726e+05      3.74e+01       5.69e-01       1.22e+05    
      686            774        2.3722e+05      4.01e+01       5.98e-01       1.22e+05    
      687            775        2.3719e+05      3.63e+01       5.70e-01       1.22e+05    
      688            776        2.3715e+05      3.82e+01       6.00e-01       1.22e+05    
      689            777        2.3712e+05      3.47e+01       5.68e-01       1.22e+05    
      690            778        2.3708e+05      3.37e+01       5.90e-01       1.22e+05    
      691            779        2.3705e+05      3.14e+01       5.55e-01       1.22e+05    
      692            780        2.3702e+05      2.64e+01       5.96e-01       1.22e+05    
      693            781        2.3697e+05      5.04e+01       2.13e-01       1.22e+05    
      694            782        2.3693e+05      4.66e+01       1.72e-01       1.22e+05    
      695            783        2.3686e+05      6.60e+01       2.96e-01       1.22e+05    
      696            784        2.3676e+05      9.79e+01       4.94e-01       1.22e+05    
      697            785        2.3665e+05      1.12e+02       1.27e+00       1.21e+05    
      698            787        2.3661e+05      3.87e+01       4.61e-01       1.21e+05    
/Users/nilamaitrachaity/miniforge3/envs/aruco_calibcam/lib/python3.10/site-packages/calibcamlib/camerasystem.py:78: RuntimeWarning: divide by zero encountered in matmul
  X_cam = X_world @ self.cameras[cam_idx]['R'].T + self.cameras[cam_idx]['t']
/Users/nilamaitrachaity/miniforge3/envs/aruco_calibcam/lib/python3.10/site-packages/calibcamlib/camerasystem.py:78: RuntimeWarning: overflow encountered in matmul
  X_cam = X_world @ self.cameras[cam_idx]['R'].T + self.cameras[cam_idx]['t']
/Users/nilamaitrachaity/miniforge3/envs/aruco_calibcam/lib/python3.10/site-packages/calibcamlib/camerasystem.py:78: RuntimeWarning: invalid value encountered in matmul
  X_cam = X_world @ self.cameras[cam_idx]['R'].T + self.cameras[cam_idx]['t']
/Users/nilamaitrachaity/miniforge3/envs/aruco_calibcam/lib/python3.10/site-packages/calibcamlib/camera.py:90: RuntimeWarning: divide by zero encountered in matmul
  x = x @ self.A.T
/Users/nilamaitrachaity/miniforge3/envs/aruco_calibcam/lib/python3.10/site-packages/calibcamlib/camera.py:90: RuntimeWarning: overflow encountered in matmul
  x = x @ self.A.T
/Users/nilamaitrachaity/miniforge3/envs/aruco_calibcam/lib/python3.10/site-packages/calibcamlib/camera.py:90: RuntimeWarning: invalid value encountered in matmul
  x = x @ self.A.T
/Users/nilamaitrachaity/miniforge3/envs/aruco_calibcam/lib/python3.10/site-packages/scipy/sparse/linalg/_isolve/lsmr.py:407: RuntimeWarning: overflow encountered in cast
  condA = max(maxrbar, rhotemp) / min(minrbar, rhotemp)
/Users/nilamaitrachaity/miniforge3/envs/aruco_calibcam/lib/python3.10/site-packages/scipy/sparse/linalg/_isolve/lsmr.py:406: RuntimeWarning: overflow encountered in cast
  minrbar = min(minrbar, rhobarold)
      699            788        2.3654e+05      6.86e+01       2.77e-01       1.21e+05    
      700            789        2.3644e+05      1.03e+02       4.90e-01       1.21e+05    
      701            790        2.3628e+05      1.60e+02       1.06e+00       1.21e+05    
      702            791        2.3617e+05      1.13e+02       1.98e+00       1.20e+05    
      703            794        2.3608e+05      8.52e+01       3.19e-01       1.20e+05    
      704            795        2.3605e+05      2.92e+01       8.73e-01       1.20e+05    
      705            796        2.3600e+05      5.60e+01       2.39e-01       1.20e+05    
      706            797        2.3594e+05      5.58e+01       1.37e-01       1.20e+05    
      707            798        2.3588e+05      6.62e+01       2.80e-01       1.20e+05    
      708            799        2.3578e+05      9.91e+01       4.96e-01       1.20e+05    
      709            800        2.3562e+05      1.54e+02       1.16e+00       1.20e+05    
      710            803        2.3560e+05      2.72e+01       1.93e-01       1.20e+05    
      711            804        2.3555e+05      4.35e+01       1.86e-01       1.20e+05    
      712            805        2.3550e+05      5.32e+01       3.61e-01       1.20e+05    
      713            806        2.3546e+05      3.72e+01       6.55e-01       1.19e+05    
      714            808        2.3543e+05      2.76e+01       3.45e-01       1.19e+05    
      715            809        2.3538e+05      5.53e+01       1.99e-01       1.19e+05    
      716            810        2.3533e+05      5.31e+01       3.34e-01       1.19e+05    
      717            812        2.3530e+05      2.42e+01       2.38e-01       1.19e+05    
      718            813        2.3526e+05      4.40e+01       1.36e-01       1.19e+05    
      719            814        2.3520e+05      5.96e+01       2.76e-01       1.19e+05    
      720            815        2.3511e+05      8.99e+01       4.98e-01       1.19e+05    
      721            816        2.3498e+05      1.28e+02       1.01e+00       1.19e+05    
      722            817        2.3471e+05      2.75e+02       2.03e+00       1.18e+05    
      723            819        2.3455e+05      1.56e+02       1.16e+00       1.18e+05    
      724            821        2.3450e+05      4.72e+01       5.43e-01       1.18e+05    
      725            823        2.3448e+05      2.18e+01       2.85e-01       1.18e+05    
      726            824        2.3443e+05      5.00e+01       1.49e-01       1.18e+05    
      727            825        2.3437e+05      5.80e+01       3.30e-01       1.18e+05    
      728            826        2.3433e+05      3.83e+01       6.49e-01       1.17e+05    
      729            828        2.3431e+05      2.61e+01       3.78e-01       1.17e+05    
      730            829        2.3425e+05      5.41e+01       1.83e-01       1.17e+05    
      731            830        2.3421e+05      4.11e+01       3.23e-01       1.17e+05    
      732            832        2.3420e+05      1.40e+01       1.54e-01       1.17e+05    
      733            833        2.3417e+05      2.93e+01       9.12e-02       1.17e+05    
      734            834        2.3413e+05      3.50e+01       1.36e-01       1.17e+05    
      735            835        2.3409e+05      4.92e+01       2.85e-01       1.17e+05    
      736            836        2.3401e+05      7.87e+01       5.02e-01       1.17e+05    
      737            837        2.3386e+05      1.50e+02       1.11e+00       1.17e+05    
      738            839        2.3380e+05      5.51e+01       5.61e-01       1.17e+05    
      739            841        2.3378e+05      2.15e+01       3.22e-01       1.17e+05    
      740            842        2.3374e+05      3.91e+01       1.40e-01       1.17e+05    
      741            843        2.3369e+05      4.90e+01       2.84e-01       1.17e+05    
      742            844        2.3361e+05      7.86e+01       5.10e-01       1.17e+05    
      743            845        2.3347e+05      1.45e+02       1.12e+00       1.16e+05    
      744            847        2.3341e+05      5.28e+01       5.56e-01       1.16e+05    
      745            849        2.3339e+05      2.14e+01       3.21e-01       1.16e+05    
      746            850        2.3336e+05      3.60e+01       1.40e-01       1.16e+05    
      747            851        2.3331e+05      4.65e+01       2.79e-01       1.16e+05    
      748            852        2.3324e+05      7.43e+01       5.25e-01       1.16e+05    
      749            853        2.3310e+05      1.35e+02       1.07e+00       1.16e+05    
      750            854        2.3306e+05      4.38e+01       2.07e+00       1.15e+05    
      751            856        2.3291e+05      1.44e+02       4.71e-01       1.15e+05    
      752            858        2.3288e+05      3.13e+01       2.32e-01       1.15e+05    
      753            859        2.3285e+05      3.37e+01       2.98e-01       1.15e+05    
      754            860        2.3282e+05      2.48e+01       1.03e-01       1.15e+05    
      755            861        2.3280e+05      2.61e+01       1.79e-01       1.15e+05    
      756            862        2.3276e+05      3.48e+01       2.87e-01       1.15e+05    
      757            863        2.3272e+05      4.00e+01       7.89e-01       1.15e+05    
      758            865        2.3270e+05      2.48e+01       2.42e-01       1.15e+05    
      759            866        2.3267e+05      2.32e+01       2.00e-01       1.15e+05    
      760            867        2.3266e+05      1.52e+01       3.31e-01       1.15e+05    
      761            868        2.3265e+05      1.22e+01       3.37e-01       1.15e+05    
      762            869        2.3264e+05      1.07e+01       3.84e-01       1.15e+05    
      763            870        2.3262e+05      1.18e+01       3.46e-01       1.15e+05    
      764            871        2.3261e+05      1.05e+01       3.81e-01       1.15e+05    
      765            872        2.3260e+05      1.15e+01       3.45e-01       1.15e+05    
      766            873        2.3259e+05      1.01e+01       3.81e-01       1.15e+05    
      767            874        2.3258e+05      1.12e+01       3.44e-01       1.15e+05    
      768            875        2.3257e+05      9.81e+00       3.81e-01       1.15e+05    
      769            876        2.3255e+05      1.68e+01       1.24e-01       1.15e+05    
      770            877        2.3253e+05      2.07e+01       1.22e-01       1.15e+05    
      771            878        2.3251e+05      2.05e+01       2.05e-01       1.15e+05    
      772            879        2.3248e+05      2.95e+01       3.08e-01       1.15e+05    
      773            880        2.3247e+05      1.42e+01       5.37e-01       1.15e+05    
      774            882        2.3246e+05      1.44e+01       1.55e-01       1.15e+05    
      775            883        2.3244e+05      1.76e+01       1.51e-01       1.15e+05    
      776            884        2.3242e+05      2.17e+01       2.17e-01       1.14e+05    
      777            885        2.3239e+05      2.67e+01       3.27e-01       1.14e+05    
      778            887        2.3238e+05      1.17e+01       1.64e-01       1.14e+05    
      779            888        2.3236e+05      1.83e+01       1.02e-01       1.14e+05    
      780            889        2.3234e+05      1.98e+01       1.35e-01       1.14e+05    
      781            890        2.3231e+05      3.40e+01       2.98e-01       1.14e+05    
      782            891        2.3224e+05      6.24e+01       5.18e-01       1.14e+05    
      783            892        2.3212e+05      1.23e+02       1.05e+00       1.14e+05    
      784            893        2.3193e+05      1.88e+02       2.40e+00       1.14e+05    
      785            896        2.3188e+05      5.48e+01       2.78e-01       1.13e+05    
      786            898        2.3186e+05      1.48e+01       1.64e-01       1.13e+05    
      787            899        2.3185e+05      1.70e+01       1.46e-01       1.13e+05    
      788            900        2.3183e+05      1.77e+01       2.27e-01       1.13e+05    
      789            901        2.3180e+05      3.25e+01       2.77e-01       1.13e+05    
      790            902        2.3174e+05      5.97e+01       6.12e-01       1.13e+05    
      791            903        2.3161e+05      1.22e+02       9.98e-01       1.13e+05    
      792            904        2.3154e+05      7.57e+01       2.66e+00       1.13e+05    
      793            906        2.3140e+05      1.42e+02       8.60e-01       1.12e+05    
      794            907        2.3132e+05      7.06e+01       4.96e-01       1.12e+05    
      795            908        2.3119e+05      1.35e+02       1.11e+00       1.12e+05    
      796            909        2.3091e+05      2.79e+02       1.98e+00       1.12e+05    
      797            911        2.3078e+05      1.27e+02       1.32e+00       1.12e+05    
      798            912        2.3064e+05      1.42e+02       9.78e-01       1.11e+05    
      799            913        2.3050e+05      1.39e+02       1.38e+00       1.11e+05    
      800            914        2.3036e+05      1.46e+02       1.04e+00       1.11e+05    
      801            915        2.3024e+05      1.14e+02       1.55e+00       1.11e+05    
      802            916        2.3016e+05      8.68e+01       1.31e+00       1.11e+05    
      803            917        2.3012e+05      3.26e+01       9.13e-01       1.11e+05    
      804            918        2.3008e+05      3.96e+01       2.35e-01       1.11e+05    
      805            919        2.3005e+05      3.43e+01       7.63e-02       1.11e+05    
      806            920        2.3001e+05      3.93e+01       1.34e-01       1.11e+05    
      807            921        2.2994e+05      6.75e+01       2.56e-01       1.11e+05    
      808            922        2.2981e+05      1.31e+02       5.93e-01       1.11e+05    
      809            923        2.2954e+05      2.74e+02       1.19e+00       1.10e+05    
      810            924        2.2890e+05      6.35e+02       2.24e+00       1.10e+05    
      811            925        2.2721e+05      1.69e+03       4.88e+00       1.09e+05    
      812            926        2.2154e+05      5.67e+03       9.03e+00       1.08e+05    
      813            929        2.2115e+05      3.97e+02       2.83e+00       1.08e+05    
      814            930        2.1986e+05      1.29e+03       1.38e+00       1.08e+05    
      815            932        2.1972e+05      1.37e+02       5.20e-01       1.07e+05    
      816            933        2.1933e+05      3.92e+02       1.83e-01       1.07e+05    
      817            934        2.1877e+05      5.63e+02       6.03e-01       1.07e+05    
      818            936        2.1867e+05      1.02e+02       5.12e-01       1.07e+05    
      819            937        2.1834e+05      3.24e+02       3.30e-01       1.07e+05    
      820            938        2.1778e+05      5.56e+02       7.04e-01       1.07e+05    
      821            940        2.1771e+05      7.35e+01       5.05e-01       1.07e+05    
      822            941        2.1737e+05      3.43e+02       2.53e-01       1.07e+05    
      823            942        2.1710e+05      2.63e+02       8.13e-01       1.07e+05    
      824            943        2.1704e+05      6.12e+01       1.25e+00       1.07e+05    
      825            944        2.1683e+05      2.13e+02       3.45e-01       1.07e+05    
      826            945        2.1665e+05      1.85e+02       5.53e-01       1.07e+05    
      827            946        2.1646e+05      1.82e+02       5.71e-01       1.07e+05    
      828            947        2.1631e+05      1.49e+02       5.87e-01       1.07e+05    
      829            948        2.1618e+05      1.39e+02       5.93e-01       1.07e+05    
      830            949        2.1606e+05      1.20e+02       6.06e-01       1.07e+05    
      831            950        2.1595e+05      1.06e+02       6.02e-01       1.07e+05    
      832            951        2.1585e+05      9.85e+01       6.15e-01       1.07e+05    
      833            952        2.1577e+05      8.00e+01       6.04e-01       1.07e+05    
      834            953        2.1569e+05      8.22e+01       6.19e-01       1.07e+05    
      835            954        2.1563e+05      6.02e+01       6.03e-01       1.07e+05    
      836            955        2.1556e+05      7.00e+01       6.20e-01       1.07e+05    
      837            956        2.1551e+05      4.50e+01       6.00e-01       1.07e+05    
      838            957        2.1545e+05      6.05e+01       6.20e-01       1.07e+05    
      839            958        2.1542e+05      3.36e+01       5.96e-01       1.07e+05    
      840            959        2.1537e+05      5.29e+01       6.18e-01       1.07e+05    
      841            960        2.1534e+05      2.52e+01       5.90e-01       1.07e+05    
      842            961        2.1529e+05      4.81e+01       1.82e-01       1.07e+05    
      843            962        2.1526e+05      3.12e+01       2.50e-01       1.07e+05    
      844            963        2.1522e+05      3.98e+01       9.57e-02       1.07e+05    
      845            964        2.1519e+05      3.14e+01       2.97e-01       1.07e+05    
      846            965        2.1518e+05      1.31e+01       4.71e-01       1.07e+05    
      847            966        2.1515e+05      2.67e+01       1.60e-01       1.07e+05    
      848            967        2.1512e+05      2.65e+01       2.00e-01       1.07e+05    
      849            968        2.1508e+05      4.01e+01       1.63e-01       1.07e+05    
      850            969        2.1505e+05      3.64e+01       4.66e-01       1.07e+05    
      851            971        2.1503e+05      1.89e+01       1.63e-01       1.07e+05    
      852            972        2.1500e+05      2.82e+01       1.77e-01       1.07e+05    
      853            973        2.1498e+05      1.85e+01       3.53e-01       1.07e+05    
      854            974        2.1497e+05      1.04e+01       4.52e-01       1.07e+05    
      855            975        2.1495e+05      2.07e+01       1.50e-01       1.07e+05    
      856            976        2.1493e+05      2.03e+01       1.89e-01       1.07e+05    
      857            977        2.1491e+05      2.49e+01       1.43e-01       1.07e+05    
      858            978        2.1488e+05      2.10e+01       3.04e-01       1.07e+05    
      859            979        2.1487e+05      1.33e+01       3.83e-01       1.07e+05    
      860            980        2.1486e+05      1.42e+01       4.55e-01       1.07e+05    
      861            981        2.1484e+05      2.22e+01       1.74e-01       1.07e+05    
      862            982        2.1482e+05      1.57e+01       6.02e-02       1.07e+05    
      863            983        2.1480e+05      1.91e+01       1.14e-01       1.07e+05    
      864            984        2.1477e+05      2.71e+01       1.43e-01       1.07e+05    
      865            985        2.1473e+05      4.41e+01       3.35e-01       1.07e+05    
      866            986        2.1464e+05      8.52e+01       5.49e-01       1.07e+05    
      867            987        2.1448e+05      1.64e+02       1.19e+00       1.07e+05    
      868            988        2.1417e+05      3.15e+02       2.26e+00       1.06e+05    
      869            989        2.1404e+05      1.22e+02       4.96e+00       1.06e+05    
      870            991        2.1349e+05      5.54e+02       1.46e+00       1.06e+05    
      871            993        2.1343e+05      5.43e+01       2.96e-01       1.06e+05    
      872            994        2.1340e+05      3.10e+01       3.30e-01       1.06e+05    
      873            995        2.1338e+05      2.72e+01       1.87e-01       1.06e+05    
      874            996        2.1335e+05      2.22e+01       3.34e-01       1.06e+05    
      875            997        2.1334e+05      1.26e+01       4.34e-01       1.06e+05    
      876            998        2.1332e+05      2.17e+01       1.73e-01       1.06e+05    
      877            999        2.1330e+05      2.11e+01       1.92e-01       1.06e+05    
      878           1000        2.1327e+05      2.58e+01       2.26e-01       1.06e+05    
The maximum number of function evaluations is exceeded.
Function evaluations 1000, initial cost 2.5246e+10, final cost 2.1327e+05, first-order optimality 1.06e+05.
Optimization algorithm converged:	False
Time needed:				164 seconds
Testing objective function vs cameralib
(Minor differences possible due to common board pose in objfun)
Cam | n objfun      | n cameralib   | max objfun    | med objfun    | max cameralib | med cameralib | diff
  0 |          4344 |          4344 |        272.75 |          0.93 |        272.75 |          0.93 |          0.00
  1 |          4344 |          4344 |         11.42 |          2.73 |         11.42 |          2.73 |          0.00
OPTIMIZING ALL PARAMETERS I
Objective function took 0.00024204200599342585 s: squaresum 426546.65625 over 28224 residuals. Shape (28224,).
Jacobian took 0.03262000001268461 s. Shape (28224, 1202), free vars 1202.
Starting optimization procedure
   Iteration     Total nfev        Cost      Cost reduction    Step norm     Optimality   
       0              1         2.1327e+05                                    1.06e+05    
       1              5         2.0469e+05      8.59e+03       1.80e+02       4.06e+05    
       2              6         1.6765e+05      3.70e+04       2.63e+01       9.61e+05    
       3              7         1.0882e+05      5.88e+04       1.04e+01       3.99e+05    
       4             10         1.0271e+05      6.11e+03       9.83e+00       1.11e+06    
       5             13         1.0184e+05      8.61e+02       1.17e+00       6.59e+05    
       6             14         1.0138e+05      4.63e+02       5.02e-01       3.10e+05    
       7             15         1.0134e+05      4.36e+01       1.60e+00       1.67e+05    
       8             16         1.0074e+05      5.97e+02       6.27e-01       1.33e+05    
       9             17         1.0053e+05      2.08e+02       1.12e+00       9.45e+04    
      10             18         1.0033e+05      2.08e+02       1.13e+00       1.14e+05    
      11             19         1.0014e+05      1.89e+02       1.12e+00       8.52e+04    
      12             20         9.9969e+04      1.69e+02       2.93e-01       9.22e+04    
      13             21         9.9802e+04      1.67e+02       4.34e-01       9.97e+04    
      14             22         9.9635e+04      1.67e+02       2.89e-01       9.01e+04    
      15             23         9.9338e+04      2.97e+02       4.60e-01       9.53e+04    
      16             25         9.9178e+04      1.59e+02       4.61e-01       8.05e+04    
      17             26         9.9018e+04      1.61e+02       2.89e-01       8.92e+04    
      18             27         9.8735e+04      2.82e+02       4.56e-01       8.32e+04    
      19             29         9.8578e+04      1.57e+02       4.69e-01       9.62e+04    
      20             30         9.8421e+04      1.56e+02       2.80e-01       8.67e+04    
      21             31         9.8142e+04      2.80e+02       4.51e-01       9.15e+04    
      22             33         9.7990e+04      1.52e+02       4.61e-01       7.70e+04    
      23             34         9.7836e+04      1.53e+02       2.88e-01       8.57e+04    
      24             35         9.7565e+04      2.71e+02       4.57e-01       7.99e+04    
      25             37         9.7413e+04      1.52e+02       4.69e-01       9.29e+04    
      26             38         9.7262e+04      1.51e+02       2.82e-01       8.34e+04    
      27             39         9.6995e+04      2.68e+02       4.59e-01       8.85e+04    
      28             41         9.6847e+04      1.48e+02       4.69e-01       7.37e+04    
      29             42         9.6699e+04      1.48e+02       2.92e-01       8.27e+04    
      30             43         9.6442e+04      2.57e+02       4.74e-01       7.68e+04    
      31             44         9.6309e+04      1.33e+02       9.07e-01       9.31e+04    
      32             45         9.6157e+04      1.51e+02       1.14e+00       7.00e+04    
      33             46         9.6006e+04      1.51e+02       2.96e-01       7.79e+04    
      34             47         9.5867e+04      1.40e+02       4.40e-01       8.67e+04    
      35             48         9.5726e+04      1.41e+02       3.14e-01       7.78e+04    
      36             49         9.5488e+04      2.38e+02       5.16e-01       8.47e+04    
      37             50         9.5389e+04      9.89e+01       9.67e-01       7.05e+04    
      38             51         9.5232e+04      1.57e+02       3.00e-01       7.78e+04    
      39             52         9.5095e+04      1.37e+02       4.68e-01       8.63e+04    
      40             53         9.4959e+04      1.36e+02       3.19e-01       7.67e+04    
      41             54         9.4737e+04      2.22e+02       5.43e-01       8.32e+04    
      42             55         9.4654e+04      8.30e+01       1.00e+00       6.83e+04    
      43             56         9.4495e+04      1.59e+02       3.03e-01       7.57e+04    
      44             57         9.4361e+04      1.34e+02       4.83e-01       8.45e+04    
      45             58         9.4230e+04      1.31e+02       3.28e-01       7.45e+04    
      46             59         9.4098e+04      1.32e+02       3.15e-01       7.98e+04    
      47             60         9.3893e+04      2.05e+02       5.54e-01       7.09e+04    
      48             61         9.3812e+04      8.07e+01       1.02e+00       8.92e+04    
      49             62         9.3657e+04      1.55e+02       3.02e-01       7.74e+04    
      50             63         9.3532e+04      1.25e+02       4.88e-01       6.65e+04    
      51             64         9.3408e+04      1.24e+02       3.53e-01       7.51e+04    
      52             65         9.3285e+04      1.23e+02       3.41e-01       6.79e+04    
      53             66         9.3163e+04      1.23e+02       3.37e-01       7.50e+04    
      54             67         9.3042e+04      1.21e+02       3.37e-01       6.75e+04    
      55             68         9.2921e+04      1.20e+02       3.40e-01       7.47e+04    
      56             69         9.2803e+04      1.18e+02       3.43e-01       6.67e+04    
      57             70         9.2685e+04      1.18e+02       3.49e-01       7.39e+04    
      58             71         9.2569e+04      1.16e+02       3.53e-01       6.58e+04    
      59             72         9.2454e+04      1.15e+02       3.59e-01       7.32e+04    
      60             73         9.2342e+04      1.13e+02       3.63e-01       6.49e+04    
      61             74         9.2230e+04      1.12e+02       3.69e-01       7.24e+04    
      62             75         9.2121e+04      1.09e+02       3.74e-01       6.39e+04    
      63             76         9.2012e+04      1.09e+02       3.80e-01       7.18e+04    
      64             77         9.1906e+04      1.06e+02       3.84e-01       6.29e+04    
      65             78         9.1800e+04      1.06e+02       3.91e-01       7.10e+04    
      66             79         9.1697e+04      1.03e+02       3.95e-01       6.20e+04    
      67             80         9.1595e+04      1.02e+02       4.01e-01       7.03e+04    
      68             81         9.1495e+04      1.00e+02       4.05e-01       6.10e+04    
      69             82         9.1395e+04      9.94e+01       4.11e-01       6.95e+04    
      70             83         9.1298e+04      9.68e+01       4.15e-01       6.01e+04    
      71             84         9.1202e+04      9.63e+01       4.21e-01       6.88e+04    
      72             85         9.1108e+04      9.37e+01       4.24e-01       5.92e+04    
      73             86         9.1015e+04      9.33e+01       4.30e-01       6.80e+04    
      74             87         9.0924e+04      9.06e+01       4.34e-01       5.82e+04    
      75             88         9.0834e+04      9.03e+01       4.40e-01       6.73e+04    
      76             89         9.0747e+04      8.72e+01       4.43e-01       5.73e+04    
      77             90         9.0660e+04      8.69e+01       4.49e-01       6.66e+04    
      78             91         9.0576e+04      8.38e+01       4.53e-01       5.63e+04    
      79             92         9.0493e+04      8.36e+01       4.59e-01       6.60e+04    
      80             93         9.0412e+04      8.06e+01       4.62e-01       5.55e+04    
      81             94         9.0332e+04      8.05e+01       4.68e-01       6.52e+04    
      82             95         9.0254e+04      7.74e+01       4.71e-01       5.46e+04    
      83             96         9.0177e+04      7.74e+01       4.77e-01       6.46e+04    
      84             97         9.0102e+04      7.44e+01       4.79e-01       5.39e+04    
      85             98         9.0028e+04      7.45e+01       4.85e-01       6.39e+04    
      86             99         8.9956e+04      7.14e+01       4.87e-01       5.30e+04    
      87             100        8.9885e+04      7.18e+01       4.92e-01       6.34e+04    
      88             101        8.9816e+04      6.85e+01       4.95e-01       5.21e+04    
      89             102        8.9747e+04      6.91e+01       5.00e-01       6.26e+04    
      90             103        8.9681e+04      6.58e+01       5.02e-01       5.12e+04    
      91             104        8.9615e+04      6.65e+01       5.07e-01       6.19e+04    
      92             105        8.9552e+04      6.32e+01       5.08e-01       5.04e+04    
      93             106        8.9488e+04      6.39e+01       5.13e-01       6.13e+04    
      94             107        8.9427e+04      6.07e+01       5.15e-01       4.97e+04    
      95             108        8.9365e+04      6.16e+01       5.19e-01       6.06e+04    
      96             109        8.9307e+04      5.82e+01       5.21e-01       4.89e+04    
      97             110        8.9248e+04      5.93e+01       5.25e-01       5.99e+04    
      98             111        8.9192e+04      5.59e+01       5.26e-01       4.82e+04    
      99             112        8.9135e+04      5.71e+01       5.31e-01       5.92e+04    
      100            113        8.9081e+04      5.37e+01       5.32e-01       4.74e+04    
      101            114        8.9026e+04      5.49e+01       5.36e-01       5.88e+04    
      102            115        8.8975e+04      5.16e+01       5.37e-01       4.65e+04    
      103            116        8.8922e+04      5.29e+01       5.41e-01       5.79e+04    
      104            117        8.8872e+04      4.95e+01       5.42e-01       4.58e+04    
      105            118        8.8821e+04      5.10e+01       5.46e-01       5.74e+04    
      106            119        8.8774e+04      4.76e+01       5.46e-01       4.52e+04    
      107            120        8.8725e+04      4.91e+01       5.50e-01       5.66e+04    
      108            121        8.8679e+04      4.57e+01       5.51e-01       4.44e+04    
      109            122        8.8632e+04      4.74e+01       5.54e-01       5.61e+04    
      110            123        8.8588e+04      4.39e+01       5.55e-01       4.36e+04    
      111            124        8.8542e+04      4.57e+01       5.58e-01       5.56e+04    
      112            125        8.8500e+04      4.22e+01       5.59e-01       4.31e+04    
      113            126        8.8461e+04      3.83e+01       1.46e-01       4.74e+04    
      114            127        8.8424e+04      3.78e+01       2.12e-01       5.13e+04    
      115            128        8.8385e+04      3.85e+01       1.41e-01       4.69e+04    
      116            129        8.8317e+04      6.85e+01       2.23e-01       4.92e+04    
      117            131        8.8280e+04      3.68e+01       2.31e-01       4.20e+04    
      118            132        8.8243e+04      3.69e+01       1.48e-01       4.63e+04    
      119            133        8.8180e+04      6.32e+01       2.40e-01       4.30e+04    
      120            134        8.8151e+04      2.89e+01       4.63e-01       5.07e+04    
      121            135        8.8113e+04      3.80e+01       1.49e-01       4.53e+04    
      122            136        8.8079e+04      3.38e+01       2.25e-01       4.08e+04    
      123            137        8.8045e+04      3.42e+01       1.62e-01       4.50e+04    
      124            138        8.7991e+04      5.42e+01       2.74e-01       4.10e+04    
      125            139        8.7970e+04      2.06e+01       5.04e-01       4.99e+04    
      126            140        8.7930e+04      3.97e+01       1.51e-01       4.42e+04    
      127            141        8.7898e+04      3.24e+01       2.42e-01       3.91e+04    
      128            142        8.7866e+04      3.19e+01       1.71e-01       4.36e+04    
      129            143        8.7834e+04      3.17e+01       1.64e-01       4.00e+04    
      130            144        8.7803e+04      3.16e+01       1.61e-01       4.36e+04    
      131            145        8.7772e+04      3.10e+01       1.62e-01       3.99e+04    
      132            146        8.7741e+04      3.08e+01       1.64e-01       4.32e+04    
      133            147        8.7711e+04      3.01e+01       1.67e-01       3.94e+04    
      134            148        8.7681e+04      2.99e+01       1.70e-01       4.29e+04    
      135            149        8.7652e+04      2.92e+01       1.74e-01       3.87e+04    
      136            150        8.7623e+04      2.88e+01       1.77e-01       4.23e+04    
      137            151        8.7595e+04      2.83e+01       1.81e-01       3.82e+04    
      138            152        8.7567e+04      2.79e+01       1.84e-01       4.18e+04    
      139            153        8.7540e+04      2.74e+01       1.87e-01       3.76e+04    
      140            154        8.7512e+04      2.70e+01       1.91e-01       4.15e+04    
      141            155        8.7486e+04      2.65e+01       1.93e-01       3.71e+04    
      142            156        8.7460e+04      2.62e+01       1.97e-01       4.11e+04    
      143            157        8.7434e+04      2.57e+01       1.99e-01       3.63e+04    
      144            158        8.7409e+04      2.54e+01       2.02e-01       4.07e+04    
      145            159        8.7384e+04      2.49e+01       2.04e-01       3.59e+04    
      146            160        8.7359e+04      2.47e+01       2.07e-01       4.01e+04    
      147            161        8.7335e+04      2.42e+01       2.08e-01       3.54e+04    
      148            162        8.7311e+04      2.39e+01       2.11e-01       3.98e+04    
      149            163        8.7288e+04      2.35e+01       2.13e-01       3.49e+04    
      150            164        8.7264e+04      2.33e+01       2.15e-01       3.94e+04    
      151            165        8.7241e+04      2.29e+01       2.17e-01       3.42e+04    
      152            166        8.7219e+04      2.27e+01       2.19e-01       3.89e+04    
      153            167        8.7196e+04      2.22e+01       2.20e-01       3.38e+04    
      154            168        8.7174e+04      2.21e+01       2.23e-01       3.86e+04    
      155            169        8.7153e+04      2.16e+01       2.24e-01       3.35e+04    
      156            170        8.7131e+04      2.16e+01       2.26e-01       3.81e+04    
      157            171        8.7110e+04      2.11e+01       2.27e-01       3.28e+04    
      158            172        8.7089e+04      2.10e+01       2.29e-01       3.78e+04    
      159            173        8.7069e+04      2.06e+01       2.30e-01       3.24e+04    
      160            174        8.7048e+04      2.05e+01       2.32e-01       3.73e+04    
      161            175        8.7028e+04      2.01e+01       2.33e-01       3.21e+04    
      162            176        8.7008e+04      2.00e+01       2.35e-01       3.70e+04    
      163            177        8.6988e+04      1.96e+01       2.35e-01       3.15e+04    
      164            178        8.6969e+04      1.96e+01       2.37e-01       3.65e+04    
      165            179        8.6950e+04      1.91e+01       2.38e-01       3.12e+04    
      166            180        8.6931e+04      1.92e+01       2.40e-01       3.62e+04    
      167            181        8.6912e+04      1.87e+01       2.40e-01       3.08e+04    
      168            182        8.6893e+04      1.88e+01       2.42e-01       3.57e+04    
      169            183        8.6875e+04      1.82e+01       2.42e-01       3.03e+04    
      170            184        8.6856e+04      1.83e+01       2.44e-01       3.55e+04    
      171            185        8.6839e+04      1.80e+01       2.44e-01       2.99e+04    
      172            186        8.6821e+04      1.80e+01       2.46e-01       3.52e+04    
      173            187        8.6803e+04      1.75e+01       2.46e-01       2.96e+04    
      174            188        8.6785e+04      1.77e+01       2.48e-01       3.48e+04    
      175            189        8.6768e+04      1.72e+01       2.48e-01       2.91e+04    
      176            190        8.6751e+04      1.72e+01       2.49e-01       3.44e+04    
      177            191        8.6734e+04      1.69e+01       2.50e-01       2.89e+04    
      178            192        8.6717e+04      1.70e+01       2.51e-01       3.40e+04    
      179            193        8.6700e+04      1.66e+01       2.51e-01       2.84e+04    
      180            194        8.6684e+04      1.67e+01       2.53e-01       3.37e+04    
      181            195        8.6667e+04      1.62e+01       2.53e-01       2.80e+04    
      182            196        8.6651e+04      1.64e+01       2.54e-01       3.36e+04    
      183            197        8.6635e+04      1.60e+01       2.54e-01       2.78e+04    
      184            198        8.6619e+04      1.61e+01       2.56e-01       3.31e+04    
      185            199        8.6603e+04      1.57e+01       2.56e-01       2.72e+04    
      186            200        8.6587e+04      1.59e+01       2.57e-01       3.28e+04    
      187            201        8.6572e+04      1.55e+01       2.57e-01       2.71e+04    
      188            202        8.6556e+04      1.56e+01       2.58e-01       3.26e+04    
      189            203        8.6541e+04      1.52e+01       2.58e-01       2.67e+04    
      190            204        8.6526e+04      1.54e+01       2.59e-01       3.22e+04    
      191            205        8.6510e+04      1.51e+01       2.59e-01       2.64e+04    
      192            206        8.6495e+04      1.52e+01       2.60e-01       3.19e+04    
      193            207        8.6481e+04      1.48e+01       2.60e-01       2.61e+04    
      194            208        8.6466e+04      1.50e+01       2.61e-01       3.18e+04    
      195            209        8.6451e+04      1.46e+01       2.61e-01       2.58e+04    
      196            210        8.6436e+04      1.47e+01       2.62e-01       3.14e+04    
      197            211        8.6422e+04      1.44e+01       2.62e-01       2.54e+04    
      198            212        8.6407e+04      1.46e+01       2.63e-01       3.12e+04    
      199            213        8.6393e+04      1.42e+01       2.63e-01       2.52e+04    
      200            214        8.6379e+04      1.44e+01       2.64e-01       3.09e+04    
      201            215        8.6365e+04      1.40e+01       2.64e-01       2.50e+04    
      202            216        8.6351e+04      1.42e+01       2.65e-01       3.07e+04    
      203            217        8.6337e+04      1.38e+01       2.65e-01       2.47e+04    
      204            218        8.6323e+04      1.41e+01       2.66e-01       3.04e+04    
      205            219        8.6309e+04      1.36e+01       2.66e-01       2.44e+04    
      206            220        8.6295e+04      1.39e+01       2.67e-01       3.01e+04    
      207            221        8.6282e+04      1.35e+01       2.67e-01       2.41e+04    
      208            222        8.6268e+04      1.38e+01       2.67e-01       2.99e+04    
      209            223        8.6255e+04      1.33e+01       2.67e-01       2.39e+04    
      210            224        8.6241e+04      1.36e+01       2.68e-01       2.97e+04    
      211            225        8.6228e+04      1.31e+01       2.68e-01       2.36e+04    
      212            226        8.6215e+04      1.34e+01       2.69e-01       2.94e+04    
      213            227        8.6202e+04      1.30e+01       2.69e-01       2.34e+04    
      214            228        8.6188e+04      1.33e+01       2.70e-01       2.92e+04    
      215            229        8.6175e+04      1.29e+01       2.69e-01       2.30e+04    
      216            230        8.6162e+04      1.32e+01       2.70e-01       2.90e+04    
      217            231        8.6149e+04      1.27e+01       2.70e-01       2.29e+04    
      218            232        8.6136e+04      1.30e+01       2.71e-01       2.88e+04    
      219            233        8.6124e+04      1.26e+01       2.71e-01       2.26e+04    
      220            234        8.6111e+04      1.29e+01       2.71e-01       2.85e+04    
      221            235        8.6098e+04      1.25e+01       2.71e-01       2.24e+04    
      222            236        8.6086e+04      1.28e+01       2.72e-01       2.82e+04    
      223            237        8.6073e+04      1.24e+01       2.72e-01       2.22e+04    
      224            238        8.6060e+04      1.26e+01       2.72e-01       2.81e+04    
      225            239        8.6048e+04      1.23e+01       2.72e-01       2.20e+04    
      226            240        8.6036e+04      1.26e+01       2.73e-01       2.79e+04    
      227            241        8.6023e+04      1.22e+01       2.73e-01       2.18e+04    
      228            242        8.6011e+04      1.24e+01       2.74e-01       2.77e+04    
      229            243        8.5999e+04      1.21e+01       2.73e-01       2.16e+04    
      230            244        8.5987e+04      1.24e+01       2.74e-01       2.74e+04    
      231            245        8.5975e+04      1.19e+01       2.74e-01       2.14e+04    
      232            246        8.5962e+04      1.22e+01       2.74e-01       2.74e+04    
      233            247        8.5951e+04      1.19e+01       2.74e-01       2.11e+04    
      234            248        8.5938e+04      1.21e+01       2.75e-01       2.70e+04    
      235            249        8.5927e+04      1.17e+01       2.75e-01       2.09e+04    
      236            250        8.5915e+04      1.21e+01       2.75e-01       2.69e+04    
      237            251        8.5903e+04      1.17e+01       2.75e-01       2.07e+04    
      238            252        8.5891e+04      1.19e+01       2.76e-01       2.68e+04    
      239            253        8.5879e+04      1.16e+01       2.75e-01       2.04e+04    
      240            254        8.5867e+04      1.19e+01       2.76e-01       2.67e+04    
      241            255        8.5856e+04      1.14e+01       2.76e-01       2.04e+04    
      242            256        8.5844e+04      1.18e+01       2.77e-01       2.63e+04    
      243            257        8.5833e+04      1.15e+01       2.76e-01       2.01e+04    
      244            258        8.5821e+04      1.17e+01       2.77e-01       2.63e+04    
      245            259        8.5810e+04      1.13e+01       2.77e-01       2.00e+04    
      246            260        8.5798e+04      1.17e+01       2.77e-01       2.60e+04    
      247            261        8.5787e+04      1.12e+01       2.77e-01       1.97e+04    
      248            262        8.5775e+04      1.16e+01       2.78e-01       2.59e+04    
      249            263        8.5764e+04      1.11e+01       2.77e-01       1.97e+04    
      250            264        8.5753e+04      1.15e+01       2.78e-01       2.56e+04    
      251            265        8.5742e+04      1.11e+01       2.78e-01       1.94e+04    
      252            266        8.5732e+04      9.61e+00       7.25e-02       2.18e+04    
      253            267        8.5722e+04      9.81e+00       1.04e-01       2.38e+04    
      254            268        8.5712e+04      1.01e+01       6.73e-02       2.19e+04    
      255            269        8.5693e+04      1.87e+01       1.02e-01       2.32e+04    
      256            270        8.5692e+04      1.38e+00       3.55e-01       1.95e+04    
      257            271        8.5660e+04      3.20e+01       1.58e-01       2.38e+04    
      258            272        8.5650e+04      9.59e+00       2.61e-01       2.70e+04    
      259            273        8.5641e+04      9.75e+00       7.27e-02       2.40e+04    
      260            274        8.5631e+04      9.67e+00       1.05e-01       2.11e+04    
      261            275        8.5621e+04      9.91e+00       7.09e-02       2.25e+04    
      262            276        8.5603e+04      1.84e+01       1.02e-01       2.05e+04    
      263            278        8.5593e+04      9.61e+00       1.07e-01       2.37e+04    
      264            279        8.5583e+04      9.87e+00       6.83e-02       2.12e+04    
      265            280        8.5565e+04      1.80e+01       1.08e-01       2.24e+04    
      266            282        8.5556e+04      9.53e+00       1.10e-01       1.90e+04    
      267            283        8.5546e+04      9.77e+00       7.04e-02       2.11e+04    
      268            284        8.5528e+04      1.78e+01       1.07e-01       1.96e+04    
      269            286        8.5519e+04      9.52e+00       1.11e-01       2.28e+04    
      270            287        8.5509e+04      9.73e+00       6.99e-02       2.04e+04    
      271            288        8.5491e+04      1.76e+01       1.10e-01       2.18e+04    
      272            290        8.5482e+04      9.47e+00       1.12e-01       1.83e+04    
      273            291        8.5472e+04      9.64e+00       7.11e-02       2.05e+04    
      274            292        8.5455e+04      1.73e+01       1.11e-01       1.91e+04    
      275            294        8.5446e+04      9.48e+00       1.14e-01       2.23e+04    
      276            295        8.5436e+04      9.59e+00       7.09e-02       2.00e+04    
      277            296        8.5419e+04      1.72e+01       1.13e-01       2.11e+04    
      278            298        8.5409e+04      9.36e+00       1.14e-01       1.77e+04    
      279            299        8.5400e+04      9.56e+00       7.19e-02       1.99e+04    
      280            300        8.5383e+04      1.69e+01       1.14e-01       1.86e+04    
      281            302        8.5373e+04      9.38e+00       1.16e-01       2.19e+04    
      282            303        8.5364e+04      9.45e+00       7.18e-02       1.95e+04    
      283            304        8.5347e+04      1.68e+01       1.15e-01       2.09e+04    
      284            306        8.5338e+04      9.30e+00       1.17e-01       1.73e+04    
      285            307        8.5328e+04      9.45e+00       7.26e-02       1.95e+04    
      286            308        8.5312e+04      1.66e+01       1.16e-01       1.79e+04    
      287            309        8.5303e+04      8.53e+00       2.22e-01       2.20e+04    
      288            310        8.5294e+04      9.55e+00       2.83e-01       1.72e+04    
      289            311        8.5284e+04      9.70e+00       7.37e-02       1.84e+04    
      290            312        8.5275e+04      8.98e+00       1.09e-01       2.07e+04    
      291            313        8.5266e+04      9.19e+00       7.58e-02       1.86e+04    
      292            314        8.5250e+04      1.61e+01       1.22e-01       2.03e+04    
      293            315        8.5242e+04      7.70e+00       2.28e-01       1.72e+04    
      294            316        8.5232e+04      1.01e+01       2.85e-01       2.25e+04    
      295            317        8.5223e+04      9.45e+00       7.35e-02       1.97e+04    
      296            318        8.5214e+04      8.84e+00       1.08e-01       1.73e+04    
      297            319        8.5205e+04      9.16e+00       7.74e-02       1.93e+04    
      298            320        8.5189e+04      1.56e+01       1.24e-01       1.73e+04    
      299            321        8.5181e+04      7.41e+00       2.33e-01       2.14e+04    
      300            322        8.5172e+04      9.69e+00       7.40e-02       1.87e+04    
      301            323        8.5163e+04      8.84e+00       1.11e-01       1.71e+04    
      302            324        8.5154e+04      9.02e+00       7.78e-02       1.87e+04    
      303            325        8.5139e+04      1.53e+01       1.27e-01       1.70e+04    
      304            326        8.5132e+04      7.06e+00       2.36e-01       2.12e+04    
      305            327        8.5122e+04      9.82e+00       7.42e-02       1.85e+04    
      306            328        8.5113e+04      8.69e+00       1.13e-01       1.70e+04    
      307            329        8.5104e+04      8.96e+00       7.84e-02       1.83e+04    
      308            330        8.5089e+04      1.50e+01       1.29e-01       1.69e+04    
      309            331        8.5082e+04      6.72e+00       2.39e-01       2.08e+04    
      310            332        8.5072e+04      9.88e+00       7.44e-02       1.82e+04    
      311            333        8.5064e+04      8.68e+00       1.14e-01       1.69e+04    
      312            334        8.5055e+04      8.83e+00       7.90e-02       1.82e+04    
      313            335        8.5040e+04      1.48e+01       1.31e-01       1.68e+04    
      314            336        8.5034e+04      6.38e+00       2.41e-01       2.06e+04    
      315            337        8.5024e+04      9.92e+00       7.46e-02       1.79e+04    
      316            338        8.5015e+04      8.62e+00       1.15e-01       1.68e+04    
      317            339        8.5006e+04      8.74e+00       7.97e-02       1.78e+04    
      318            340        8.4992e+04      1.45e+01       1.33e-01       1.68e+04    
      319            341        8.4986e+04      6.14e+00       2.44e-01       2.04e+04    
      320            342        8.4976e+04      9.98e+00       7.48e-02       1.76e+04    
      321            343        8.4967e+04      8.58e+00       1.16e-01       1.67e+04    
      322            344        8.4959e+04      8.69e+00       8.04e-02       1.75e+04    
      323            345        8.4944e+04      1.41e+01       1.35e-01       1.67e+04    
      324            346        8.4939e+04      5.85e+00       2.46e-01       2.02e+04    
      325            347        8.4929e+04      1.00e+01       7.49e-02       1.75e+04    
      326            348        8.4920e+04      8.53e+00       1.18e-01       1.66e+04    
      327            349        8.4911e+04      8.55e+00       8.11e-02       1.74e+04    
      328            350        8.4903e+04      8.67e+00       7.53e-02       1.66e+04    
      329            351        8.4888e+04      1.45e+01       1.28e-01       1.80e+04    
      330            352        8.4883e+04      5.60e+00       2.42e-01       1.65e+04    
      331            353        8.4873e+04      1.01e+01       7.51e-02       1.65e+04    
      332            354        8.4864e+04      8.44e+00       1.18e-01       1.88e+04    
      333            355        8.4856e+04      8.50e+00       8.24e-02       1.65e+04    
      334            356        8.4847e+04      8.58e+00       7.67e-02       1.78e+04    
      335            357        8.4833e+04      1.40e+01       1.32e-01       1.64e+04    
      336            358        8.4828e+04      5.45e+00       2.46e-01       1.98e+04    
      337            359        8.4818e+04      1.00e+01       7.51e-02       1.70e+04    
      338            360        8.4809e+04      8.35e+00       1.19e-01       1.64e+04    
      339            361        8.4801e+04      8.37e+00       8.34e-02       1.68e+04    
      340            362        8.4792e+04      8.45e+00       7.80e-02       1.64e+04    
      341            363        8.4779e+04      1.37e+01       1.35e-01       1.75e+04    
      342            364        8.4774e+04      4.94e+00       2.49e-01       1.63e+04    
      343            365        8.4764e+04      1.02e+01       7.55e-02       1.63e+04    
      344            366        8.4755e+04      8.41e+00       1.20e-01       1.83e+04    
      345            367        8.4747e+04      8.20e+00       8.36e-02       1.63e+04    
      346            368        8.4739e+04      8.38e+00       7.91e-02       1.73e+04    
      347            369        8.4725e+04      1.33e+01       1.37e-01       1.62e+04    
      348            370        8.4720e+04      4.90e+00       2.52e-01       1.94e+04    
      349            371        8.4710e+04      1.02e+01       7.55e-02       1.66e+04    
      350            372        8.4702e+04      8.23e+00       1.21e-01       1.62e+04    
      351            373        8.4694e+04      8.20e+00       8.49e-02       1.64e+04    
      352            374        8.4686e+04      8.16e+00       8.04e-02       1.61e+04    
      353            375        8.4677e+04      8.31e+00       7.78e-02       1.66e+04    
      354            376        8.4664e+04      1.30e+01       1.39e-01       1.61e+04    
      355            377        8.4660e+04      4.53e+00       2.54e-01       1.90e+04    
      356            378        8.4650e+04      1.02e+01       7.57e-02       1.61e+04    
      357            379        8.4641e+04      8.12e+00       1.22e-01       1.60e+04    
      358            380        8.4633e+04      8.09e+00       8.55e-02       1.60e+04    
      359            381        8.4625e+04      8.09e+00       8.18e-02       1.60e+04    
      360            382        8.4617e+04      8.16e+00       7.94e-02       1.61e+04    
      361            383        8.4605e+04      1.25e+01       1.43e-01       1.59e+04    
      362            384        8.4600e+04      4.21e+00       2.58e-01       1.87e+04    
      363            385        8.4590e+04      1.04e+01       7.58e-02       1.60e+04    
      364            386        8.4582e+04      8.11e+00       1.23e-01       1.59e+04    
      365            387        8.4574e+04      7.90e+00       8.62e-02       1.59e+04    
      366            388        8.4566e+04      7.96e+00       8.32e-02       1.59e+04    
      367            389        8.4558e+04      8.05e+00       8.11e-02       1.58e+04    
      368            390        8.4550e+04      8.01e+00       8.05e-02       1.58e+04    
      369            391        8.4542e+04      7.98e+00       7.99e-02       1.59e+04    
      370            392        8.4534e+04      7.98e+00       8.00e-02       1.58e+04    
      371            393        8.4526e+04      8.03e+00       8.00e-02       1.59e+04    
      372            394        8.4518e+04      7.98e+00       8.02e-02       1.57e+04    
      373            395        8.4510e+04      7.98e+00       8.03e-02       1.58e+04    
      374            396        8.4502e+04      7.93e+00       8.06e-02       1.57e+04    
      375            397        8.4494e+04      7.88e+00       8.09e-02       1.57e+04    
      376            398        8.4486e+04      7.95e+00       8.11e-02       1.57e+04    
      377            399        8.4478e+04      7.86e+00       8.15e-02       1.57e+04    
      378            400        8.4471e+04      7.83e+00       8.17e-02       1.56e+04    
      379            401        8.4463e+04      7.91e+00       8.21e-02       1.56e+04    
      380            402        8.4455e+04      7.77e+00       8.23e-02       1.56e+04    
      381            403        8.4447e+04      7.85e+00       8.27e-02       1.56e+04    
      382            404        8.4439e+04      7.74e+00       8.30e-02       1.56e+04    
      383            405        8.4431e+04      7.78e+00       8.33e-02       1.55e+04    
      384            406        8.4424e+04      7.78e+00       8.35e-02       1.55e+04    
      385            407        8.4416e+04      7.68e+00       8.39e-02       1.56e+04    
      386            408        8.4408e+04      7.80e+00       8.40e-02       1.55e+04    
      387            409        8.4401e+04      7.66e+00       8.44e-02       1.55e+04    
      388            410        8.4393e+04      7.66e+00       8.46e-02       1.54e+04    
      389            411        8.4385e+04      7.62e+00       8.50e-02       1.54e+04    
      390            412        8.4378e+04      7.69e+00       8.52e-02       1.54e+04    
      391            413        8.4370e+04      7.67e+00       8.56e-02       1.54e+04    
      392            414        8.4362e+04      7.52e+00       8.57e-02       1.54e+04    
      393            415        8.4355e+04      7.63e+00       8.61e-02       1.53e+04    
      394            416        8.4347e+04      7.56e+00       8.63e-02       1.53e+04    
      395            417        8.4340e+04      7.52e+00       8.66e-02       1.53e+04    
      396            418        8.4332e+04      7.59e+00       8.68e-02       1.53e+04    
      397            419        8.4325e+04      7.51e+00       8.71e-02       1.53e+04    
      398            420        8.4317e+04      7.43e+00       8.73e-02       1.52e+04    
      399            421        8.4310e+04      7.52e+00       8.77e-02       1.52e+04    
      400            422        8.4302e+04      7.48e+00       8.78e-02       1.52e+04    
      401            423        8.4295e+04      7.43e+00       8.82e-02       1.52e+04    
      402            424        8.4287e+04      7.41e+00       8.84e-02       1.52e+04    
      403            425        8.4280e+04      7.44e+00       8.87e-02       1.52e+04    
      404            426        8.4272e+04      7.39e+00       8.89e-02       1.51e+04    
      405            427        8.4265e+04      7.31e+00       8.92e-02       1.51e+04    
      406            428        8.4258e+04      7.38e+00       8.94e-02       1.51e+04    
      407            429        8.4250e+04      7.36e+00       8.97e-02       1.51e+04    
      408            430        8.4243e+04      7.33e+00       8.99e-02       1.51e+04    
      409            431        8.4236e+04      7.34e+00       9.02e-02       1.50e+04    
      410            432        8.4229e+04      7.26e+00       9.04e-02       1.50e+04    
      411            433        8.4221e+04      7.23e+00       9.07e-02       1.50e+04    
      412            434        8.4214e+04      7.25e+00       9.09e-02       1.50e+04    
      413            435        8.4207e+04      7.25e+00       9.11e-02       1.50e+04    
      414            436        8.4200e+04      7.21e+00       9.13e-02       1.49e+04    
      415            437        8.4192e+04      7.23e+00       9.16e-02       1.49e+04    
      416            438        8.4185e+04      7.20e+00       9.18e-02       1.49e+04    
      417            439        8.4178e+04      7.15e+00       9.21e-02       1.49e+04    
      418            440        8.4171e+04      7.11e+00       9.23e-02       1.49e+04    
      419            441        8.4164e+04      7.18e+00       9.26e-02       1.48e+04    
      420            442        8.4157e+04      7.10e+00       9.28e-02       1.48e+04    
      421            443        8.4149e+04      7.12e+00       9.30e-02       1.48e+04    
      422            444        8.4142e+04      7.08e+00       9.31e-02       1.48e+04    
      423            445        8.4135e+04      7.08e+00       9.34e-02       1.48e+04    
      424            446        8.4128e+04      7.07e+00       9.36e-02       1.47e+04    
      425            447        8.4121e+04      6.99e+00       9.39e-02       1.47e+04    
      426            448        8.4114e+04      7.05e+00       9.41e-02       1.47e+04    
      427            449        8.4107e+04      6.95e+00       9.44e-02       1.47e+04    
      428            450        8.4100e+04      7.01e+00       9.46e-02       1.47e+04    
      429            451        8.4093e+04      6.96e+00       9.49e-02       1.47e+04    
      430            452        8.4086e+04      6.97e+00       9.50e-02       1.46e+04    
      431            453        8.4079e+04      6.98e+00       9.53e-02       1.46e+04    
      432            454        8.4072e+04      6.86e+00       9.54e-02       1.46e+04    
      433            455        8.4066e+04      6.92e+00       9.57e-02       1.46e+04    
      434            456        8.4059e+04      6.89e+00       9.59e-02       1.46e+04    
      435            457        8.4052e+04      6.87e+00       9.61e-02       1.45e+04    
      436            458        8.4045e+04      6.84e+00       9.63e-02       1.45e+04    
      437            459        8.4038e+04      6.87e+00       9.65e-02       1.45e+04    
      438            460        8.4031e+04      6.80e+00       9.67e-02       1.45e+04    
      439            461        8.4024e+04      6.83e+00       9.69e-02       1.45e+04    
      440            462        8.4018e+04      6.80e+00       9.71e-02       1.45e+04    
      441            463        8.4011e+04      6.77e+00       9.73e-02       1.44e+04    
      442            464        8.4004e+04      6.78e+00       9.75e-02       1.44e+04    
      443            465        8.3997e+04      6.76e+00       9.77e-02       1.44e+04    
      444            466        8.3991e+04      6.65e+00       9.79e-02       1.44e+04    
      445            467        8.3984e+04      6.77e+00       9.81e-02       1.44e+04    
      446            468        8.3977e+04      6.73e+00       9.83e-02       1.43e+04    
      447            469        8.3971e+04      6.67e+00       9.85e-02       1.43e+04    
      448            470        8.3964e+04      6.62e+00       9.87e-02       1.43e+04    
      449            471        8.3957e+04      6.72e+00       9.89e-02       1.43e+04    
      450            472        8.3951e+04      6.62e+00       9.91e-02       1.43e+04    
      451            473        8.3944e+04      6.64e+00       9.93e-02       1.42e+04    
      452            474        8.3937e+04      6.61e+00       9.95e-02       1.42e+04    
      453            475        8.3931e+04      6.61e+00       9.97e-02       1.42e+04    
      454            476        8.3924e+04      6.53e+00       9.99e-02       1.42e+04    
      455            477        8.3918e+04      6.61e+00       1.00e-01       1.42e+04    
      456            478        8.3911e+04      6.52e+00       1.00e-01       1.42e+04    
      457            479        8.3904e+04      6.54e+00       1.00e-01       1.41e+04    
      458            480        8.3898e+04      6.52e+00       1.01e-01       1.41e+04    
      459            481        8.3891e+04      6.52e+00       1.01e-01       1.41e+04    
      460            482        8.3885e+04      6.49e+00       1.01e-01       1.41e+04    
      461            483        8.3878e+04      6.48e+00       1.01e-01       1.41e+04    
      462            484        8.3872e+04      6.45e+00       1.01e-01       1.40e+04    
      463            485        8.3866e+04      6.46e+00       1.02e-01       1.40e+04    
      464            486        8.3859e+04      6.35e+00       1.02e-01       1.40e+04    
      465            487        8.3853e+04      6.45e+00       1.02e-01       1.40e+04    
      466            488        8.3846e+04      6.44e+00       1.02e-01       1.40e+04    
      467            489        8.3840e+04      6.38e+00       1.02e-01       1.40e+04    
      468            490        8.3834e+04      6.34e+00       1.02e-01       1.39e+04    
      469            491        8.3827e+04      6.39e+00       1.03e-01       1.39e+04    
      470            492        8.3821e+04      6.37e+00       1.03e-01       1.39e+04    
      471            493        8.3815e+04      6.32e+00       1.03e-01       1.39e+04    
      472            494        8.3808e+04      6.27e+00       1.03e-01       1.39e+04    
      473            495        8.3802e+04      6.35e+00       1.03e-01       1.38e+04    
      474            496        8.3796e+04      6.29e+00       1.04e-01       1.38e+04    
      475            497        8.3789e+04      6.25e+00       1.04e-01       1.38e+04    
      476            498        8.3783e+04      6.23e+00       1.04e-01       1.38e+04    
      477            499        8.3777e+04      6.30e+00       1.04e-01       1.38e+04    
      478            500        8.3771e+04      6.20e+00       1.04e-01       1.38e+04    
      479            501        8.3764e+04      6.23e+00       1.04e-01       1.37e+04    
      480            502        8.3758e+04      6.21e+00       1.05e-01       1.37e+04    
      481            503        8.3752e+04      6.21e+00       1.05e-01       1.37e+04    
      482            504        8.3746e+04      6.19e+00       1.05e-01       1.37e+04    
      483            505        8.3740e+04      6.12e+00       1.05e-01       1.37e+04    
      484            506        8.3733e+04      6.19e+00       1.05e-01       1.36e+04    
      485            507        8.3727e+04      6.15e+00       1.05e-01       1.36e+04    
      486            508        8.3721e+04      6.08e+00       1.06e-01       1.36e+04    
      487            509        8.3715e+04      6.14e+00       1.06e-01       1.36e+04    
      488            510        8.3709e+04      6.08e+00       1.06e-01       1.36e+04    
      489            511        8.3703e+04      6.12e+00       1.06e-01       1.36e+04    
      490            512        8.3697e+04      6.00e+00       1.06e-01       1.35e+04    
      491            513        8.3691e+04      6.05e+00       1.06e-01       1.35e+04    
      492            514        8.3685e+04      6.05e+00       1.07e-01       1.35e+04    
      493            515        8.3679e+04      6.05e+00       1.07e-01       1.35e+04    
      494            516        8.3673e+04      6.02e+00       1.07e-01       1.35e+04    
      495            517        8.3667e+04      6.03e+00       1.07e-01       1.35e+04    
      496            518        8.3661e+04      5.92e+00       1.07e-01       1.34e+04    
      497            519        8.3655e+04      6.05e+00       1.07e-01       1.34e+04    
      498            520        8.3649e+04      5.89e+00       1.07e-01       1.34e+04    
      499            521        8.3643e+04      6.02e+00       1.08e-01       1.34e+04    
      500            522        8.3637e+04      5.90e+00       1.08e-01       1.34e+04    
      501            523        8.3631e+04      5.95e+00       1.08e-01       1.33e+04    
      502            524        8.3625e+04      5.88e+00       1.08e-01       1.33e+04    
      503            525        8.3619e+04      5.92e+00       1.08e-01       1.33e+04    
      504            526        8.3613e+04      5.88e+00       1.08e-01       1.33e+04    
      505            527        8.3607e+04      5.88e+00       1.09e-01       1.33e+04    
      506            528        8.3602e+04      5.82e+00       1.09e-01       1.33e+04    
      507            529        8.3596e+04      5.88e+00       1.09e-01       1.32e+04    
      508            530        8.3590e+04      5.80e+00       1.09e-01       1.32e+04    
      509            531        8.3584e+04      5.86e+00       1.09e-01       1.32e+04    
      510            532        8.3578e+04      5.81e+00       1.09e-01       1.32e+04    
      511            533        8.3572e+04      5.78e+00       1.09e-01       1.32e+04    
      512            534        8.3567e+04      5.77e+00       1.10e-01       1.32e+04    
      513            535        8.3561e+04      5.80e+00       1.10e-01       1.31e+04    
      514            536        8.3555e+04      5.76e+00       1.10e-01       1.31e+04    
      515            537        8.3549e+04      5.69e+00       1.10e-01       1.31e+04    
      516            538        8.3544e+04      5.77e+00       1.10e-01       1.31e+04    
      517            539        8.3538e+04      5.70e+00       1.10e-01       1.31e+04    
      518            540        8.3532e+04      5.70e+00       1.10e-01       1.31e+04    
      519            541        8.3527e+04      5.70e+00       1.11e-01       1.30e+04    
      520            542        8.3521e+04      5.70e+00       1.11e-01       1.30e+04    
      521            543        8.3515e+04      5.67e+00       1.11e-01       1.30e+04    
      522            544        8.3510e+04      5.67e+00       1.11e-01       1.30e+04    
      523            545        8.3504e+04      5.64e+00       1.11e-01       1.30e+04    
      524            546        8.3498e+04      5.59e+00       1.11e-01       1.30e+04    
      525            547        8.3493e+04      5.63e+00       1.11e-01       1.29e+04    
      526            548        8.3487e+04      5.64e+00       1.12e-01       1.29e+04    
      527            549        8.3481e+04      5.60e+00       1.12e-01       1.29e+04    
      528            550        8.3476e+04      5.57e+00       1.12e-01       1.29e+04    
      529            551        8.3470e+04      5.56e+00       1.12e-01       1.29e+04    
      530            552        8.3465e+04      5.57e+00       1.12e-01       1.29e+04    
      531            553        8.3459e+04      5.54e+00       1.12e-01       1.28e+04    
      532            554        8.3454e+04      5.57e+00       1.12e-01       1.28e+04    
      533            555        8.3448e+04      5.52e+00       1.12e-01       1.28e+04    
      534            556        8.3443e+04      5.47e+00       1.13e-01       1.28e+04    
      535            557        8.3437e+04      5.56e+00       1.13e-01       1.28e+04    
      536            558        8.3432e+04      5.46e+00       1.13e-01       1.28e+04    
      537            559        8.3426e+04      5.50e+00       1.13e-01       1.27e+04    
      538            560        8.3421e+04      5.39e+00       1.13e-01       1.27e+04    
      539            561        8.3415e+04      5.52e+00       1.13e-01       1.27e+04    
      540            562        8.3410e+04      5.45e+00       1.13e-01       1.27e+04    
      541            563        8.3404e+04      5.42e+00       1.13e-01       1.27e+04    
      542            564        8.3399e+04      5.44e+00       1.14e-01       1.27e+04    
      543            565        8.3394e+04      5.38e+00       1.14e-01       1.26e+04    
      544            566        8.3388e+04      5.41e+00       1.14e-01       1.26e+04    
      545            567        8.3383e+04      5.38e+00       1.14e-01       1.26e+04    
      546            568        8.3377e+04      5.36e+00       1.14e-01       1.26e+04    
      547            569        8.3372e+04      5.38e+00       1.14e-01       1.26e+04    
      548            570        8.3367e+04      5.31e+00       1.14e-01       1.26e+04    
      549            571        8.3361e+04      5.41e+00       1.14e-01       1.25e+04    
      550            572        8.3356e+04      5.27e+00       1.15e-01       1.25e+04    
      551            573        8.3351e+04      5.38e+00       1.15e-01       1.25e+04    
      552            574        8.3345e+04      5.27e+00       1.15e-01       1.25e+04    
      553            575        8.3340e+04      5.33e+00       1.15e-01       1.25e+04    
      554            576        8.3335e+04      5.24e+00       1.15e-01       1.25e+04    
      555            577        8.3329e+04      5.30e+00       1.15e-01       1.24e+04    
      556            578        8.3324e+04      5.23e+00       1.15e-01       1.24e+04    
      557            579        8.3319e+04      5.29e+00       1.15e-01       1.24e+04    
      558            580        8.3314e+04      5.26e+00       1.16e-01       1.24e+04    
      559            581        8.3309e+04      5.20e+00       1.16e-01       1.24e+04    
      560            582        8.3303e+04      5.16e+00       1.16e-01       1.24e+04    
      561            583        8.3298e+04      5.26e+00       1.16e-01       1.24e+04    
      562            584        8.3293e+04      5.16e+00       1.16e-01       1.23e+04    
      563            585        8.3288e+04      5.15e+00       1.16e-01       1.23e+04    
      564            586        8.3283e+04      5.23e+00       1.16e-01       1.23e+04    
      565            587        8.3277e+04      5.16e+00       1.16e-01       1.23e+04    
      566            588        8.3272e+04      5.16e+00       1.17e-01       1.23e+04    
      567            589        8.3267e+04      5.17e+00       1.17e-01       1.23e+04    
      568            590        8.3262e+04      5.02e+00       1.17e-01       1.22e+04    
      569            591        8.3257e+04      5.22e+00       1.17e-01       1.22e+04    
      570            592        8.3252e+04      5.05e+00       1.17e-01       1.22e+04    
      571            593        8.3247e+04      5.17e+00       1.17e-01       1.22e+04    
      572            594        8.3242e+04      5.02e+00       1.17e-01       1.22e+04    
      573            595        8.3237e+04      5.09e+00       1.17e-01       1.22e+04    
      574            596        8.3231e+04      5.06e+00       1.18e-01       1.21e+04    
      575            597        8.3226e+04      5.08e+00       1.18e-01       1.21e+04    
      576            598        8.3221e+04      5.05e+00       1.18e-01       1.21e+04    
      577            599        8.3216e+04      5.05e+00       1.18e-01       1.21e+04    
      578            600        8.3211e+04      5.00e+00       1.18e-01       1.21e+04    
      579            601        8.3206e+04      5.02e+00       1.18e-01       1.21e+04    
      580            602        8.3201e+04      4.97e+00       1.18e-01       1.21e+04    
      581            603        8.3196e+04      5.02e+00       1.18e-01       1.20e+04    
      582            604        8.3191e+04      4.96e+00       1.18e-01       1.20e+04    
      583            605        8.3186e+04      4.99e+00       1.18e-01       1.20e+04    
      584            606        8.3181e+04      4.96e+00       1.19e-01       1.20e+04    
      585            607        8.3176e+04      4.98e+00       1.19e-01       1.20e+04    
      586            608        8.3171e+04      4.89e+00       1.19e-01       1.20e+04    
      587            609        8.3167e+04      4.95e+00       1.19e-01       1.19e+04    
      588            610        8.3162e+04      4.91e+00       1.19e-01       1.19e+04    
      589            611        8.3157e+04      4.93e+00       1.19e-01       1.19e+04    
      590            612        8.3152e+04      4.83e+00       1.19e-01       1.19e+04    
      591            613        8.3147e+04      4.94e+00       1.19e-01       1.19e+04    
      592            614        8.3142e+04      4.84e+00       1.19e-01       1.19e+04    
      593            615        8.3137e+04      4.91e+00       1.19e-01       1.19e+04    
      594            616        8.3132e+04      4.83e+00       1.20e-01       1.18e+04    
      595            617        8.3127e+04      4.88e+00       1.20e-01       1.18e+04    
      596            618        8.3123e+04      4.81e+00       1.20e-01       1.18e+04    
      597            619        8.3118e+04      4.84e+00       1.20e-01       1.18e+04    
      598            620        8.3113e+04      4.81e+00       1.20e-01       1.18e+04    
      599            621        8.3108e+04      4.80e+00       1.20e-01       1.18e+04    
      600            622        8.3103e+04      4.78e+00       1.20e-01       1.17e+04    
      601            623        8.3099e+04      4.84e+00       1.20e-01       1.17e+04    
      602            624        8.3094e+04      4.77e+00       1.21e-01       1.17e+04    
      603            625        8.3089e+04      4.77e+00       1.20e-01       1.17e+04    
      604            626        8.3084e+04      4.77e+00       1.21e-01       1.17e+04    
      605            627        8.3080e+04      4.78e+00       1.21e-01       1.17e+04    
      606            628        8.3075e+04      4.69e+00       1.21e-01       1.17e+04    
      607            629        8.3070e+04      4.77e+00       1.21e-01       1.16e+04    
      608            630        8.3065e+04      4.71e+00       1.21e-01       1.16e+04    
      609            631        8.3061e+04      4.72e+00       1.21e-01       1.16e+04    
      610            632        8.3056e+04      4.66e+00       1.21e-01       1.16e+04    
      611            633        8.3051e+04      4.73e+00       1.21e-01       1.16e+04    
      612            634        8.3047e+04      4.66e+00       1.22e-01       1.16e+04    
      613            635        8.3042e+04      4.67e+00       1.21e-01       1.16e+04    
      614            636        8.3037e+04      4.67e+00       1.22e-01       1.15e+04    
      615            637        8.3033e+04      4.67e+00       1.22e-01       1.15e+04    
      616            638        8.3028e+04      4.62e+00       1.22e-01       1.15e+04    
      617            639        8.3023e+04      4.70e+00       1.22e-01       1.15e+04    
      618            640        8.3019e+04      4.59e+00       1.22e-01       1.15e+04    
      619            641        8.3014e+04      4.61e+00       1.22e-01       1.15e+04    
      620            642        8.3009e+04      4.61e+00       1.22e-01       1.15e+04    
      621            643        8.3005e+04      4.61e+00       1.22e-01       1.14e+04    
      622            644        8.3000e+04      4.55e+00       1.22e-01       1.14e+04    
      623            645        8.2996e+04      4.62e+00       1.22e-01       1.14e+04    
      624            646        8.2991e+04      4.54e+00       1.23e-01       1.14e+04    
      625            647        8.2986e+04      4.62e+00       1.23e-01       1.14e+04    
      626            648        8.2982e+04      4.51e+00       1.23e-01       1.14e+04    
      627            649        8.2977e+04      4.54e+00       1.23e-01       1.14e+04    
      628            650        8.2973e+04      4.48e+00       1.23e-01       1.13e+04    
      629            651        8.2968e+04      4.58e+00       1.23e-01       1.13e+04    
      630            652        8.2964e+04      4.49e+00       1.23e-01       1.13e+04    
      631            653        8.2959e+04      4.55e+00       1.23e-01       1.13e+04    
      632            654        8.2955e+04      4.44e+00       1.23e-01       1.13e+04    
      633            655        8.2950e+04      4.52e+00       1.23e-01       1.13e+04    
      634            656        8.2946e+04      4.42e+00       1.24e-01       1.12e+04    
      635            657        8.2941e+04      4.55e+00       1.24e-01       1.12e+04    
      636            658        8.2937e+04      4.38e+00       1.24e-01       1.12e+04    
      637            659        8.2933e+04      4.50e+00       1.24e-01       1.12e+04    
      638            660        8.2928e+04      4.44e+00       1.24e-01       1.12e+04    
      639            661        8.2924e+04      4.44e+00       1.24e-01       1.12e+04    
      640            662        8.2919e+04      4.41e+00       1.24e-01       1.12e+04    
      641            663        8.2915e+04      4.44e+00       1.24e-01       1.12e+04    
      642            664        8.2910e+04      4.40e+00       1.24e-01       1.11e+04    
      643            665        8.2906e+04      4.40e+00       1.24e-01       1.11e+04    
      644            666        8.2902e+04      4.40e+00       1.24e-01       1.11e+04    
      645            667        8.2897e+04      4.38e+00       1.24e-01       1.11e+04    
      646            668        8.2893e+04      4.36e+00       1.25e-01       1.11e+04    
      647            669        8.2888e+04      4.43e+00       1.25e-01       1.11e+04    
      648            670        8.2884e+04      4.31e+00       1.25e-01       1.11e+04    
      649            671        8.2880e+04      4.38e+00       1.25e-01       1.10e+04    
      650            672        8.2875e+04      4.29e+00       1.25e-01       1.10e+04    
      651            673        8.2871e+04      4.37e+00       1.25e-01       1.10e+04    
      652            674        8.2867e+04      4.31e+00       1.25e-01       1.10e+04    
      653            675        8.2862e+04      4.31e+00       1.25e-01       1.10e+04    
      654            676        8.2858e+04      4.29e+00       1.25e-01       1.10e+04    
      655            677        8.2854e+04      4.34e+00       1.25e-01       1.10e+04    
      656            678        8.2850e+04      4.27e+00       1.25e-01       1.09e+04    
      657            679        8.2845e+04      4.27e+00       1.25e-01       1.09e+04    
      658            680        8.2841e+04      4.23e+00       1.26e-01       1.09e+04    
      659            681        8.2837e+04      4.32e+00       1.26e-01       1.09e+04    
      660            682        8.2833e+04      4.20e+00       1.26e-01       1.09e+04    
      661            683        8.2828e+04      4.33e+00       1.26e-01       1.09e+04    
      662            684        8.2824e+04      4.16e+00       1.26e-01       1.09e+04    
      663            685        8.2820e+04      4.26e+00       1.26e-01       1.08e+04    
      664            686        8.2816e+04      4.23e+00       1.26e-01       1.08e+04    
      665            687        8.2811e+04      4.22e+00       1.26e-01       1.08e+04    
      666            688        8.2807e+04      4.17e+00       1.26e-01       1.08e+04    
      667            689        8.2803e+04      4.23e+00       1.26e-01       1.08e+04    
      668            690        8.2799e+04      4.19e+00       1.26e-01       1.08e+04    
      669            691        8.2795e+04      4.16e+00       1.26e-01       1.08e+04    
      670            692        8.2791e+04      4.12e+00       1.27e-01       1.08e+04    
      671            693        8.2786e+04      4.21e+00       1.27e-01       1.07e+04    
      672            694        8.2782e+04      4.17e+00       1.27e-01       1.07e+04    
      673            695        8.2778e+04      4.18e+00       1.27e-01       1.07e+04    
      674            696        8.2774e+04      4.09e+00       1.27e-01       1.07e+04    
      675            697        8.2770e+04      4.11e+00       1.27e-01       1.07e+04    
      676            698        8.2766e+04      4.14e+00       1.27e-01       1.07e+04    
      677            699        8.2761e+04      4.15e+00       1.27e-01       1.07e+04    
      678            700        8.2757e+04      4.03e+00       1.27e-01       1.06e+04    
      679            701        8.2753e+04      4.17e+00       1.27e-01       1.06e+04    
      680            702        8.2749e+04      4.06e+00       1.27e-01       1.06e+04    
      681            703        8.2745e+04      4.09e+00       1.27e-01       1.06e+04    
      682            704        8.2741e+04      4.10e+00       1.28e-01       1.06e+04    
      683            705        8.2737e+04      4.09e+00       1.27e-01       1.06e+04    
      684            706        8.2733e+04      4.01e+00       1.28e-01       1.06e+04    
      685            707        8.2729e+04      4.08e+00       1.28e-01       1.05e+04    
      686            708        8.2725e+04      4.03e+00       1.28e-01       1.05e+04    
      687            709        8.2721e+04      4.06e+00       1.28e-01       1.05e+04    
      688            710        8.2717e+04      4.05e+00       1.28e-01       1.05e+04    
      689            711        8.2713e+04      3.97e+00       1.28e-01       1.05e+04    
      690            712        8.2709e+04      4.00e+00       1.28e-01       1.05e+04    
      691            713        8.2705e+04      4.08e+00       1.28e-01       1.05e+04    
      692            714        8.2701e+04      3.93e+00       1.28e-01       1.05e+04    
      693            715        8.2697e+04      4.02e+00       1.28e-01       1.04e+04    
      694            716        8.2693e+04      3.96e+00       1.28e-01       1.04e+04    
      695            717        8.2689e+04      3.95e+00       1.28e-01       1.04e+04    
      696            718        8.2685e+04      4.01e+00       1.29e-01       1.04e+04    
      697            719        8.2681e+04      3.95e+00       1.28e-01       1.04e+04    
      698            720        8.2677e+04      3.94e+00       1.29e-01       1.04e+04    
      699            721        8.2673e+04      3.96e+00       1.29e-01       1.04e+04    
      700            722        8.2669e+04      3.92e+00       1.29e-01       1.04e+04    
      701            723        8.2665e+04      3.97e+00       1.29e-01       1.03e+04    
      702            724        8.2661e+04      3.88e+00       1.29e-01       1.03e+04    
      703            725        8.2657e+04      3.91e+00       1.29e-01       1.03e+04    
      704            726        8.2653e+04      3.90e+00       1.29e-01       1.03e+04    
      705            727        8.2649e+04      3.94e+00       1.29e-01       1.03e+04    
      706            728        8.2646e+04      3.87e+00       1.29e-01       1.03e+04    
      707            729        8.2642e+04      3.94e+00       1.29e-01       1.03e+04    
/Users/nilamaitrachaity/miniforge3/envs/aruco_calibcam/lib/python3.10/site-packages/calibcamlib/camerasystem.py:78: RuntimeWarning: divide by zero encountered in matmul
  X_cam = X_world @ self.cameras[cam_idx]['R'].T + self.cameras[cam_idx]['t']
/Users/nilamaitrachaity/miniforge3/envs/aruco_calibcam/lib/python3.10/site-packages/calibcamlib/camerasystem.py:78: RuntimeWarning: overflow encountered in matmul
  X_cam = X_world @ self.cameras[cam_idx]['R'].T + self.cameras[cam_idx]['t']
/Users/nilamaitrachaity/miniforge3/envs/aruco_calibcam/lib/python3.10/site-packages/calibcamlib/camerasystem.py:78: RuntimeWarning: invalid value encountered in matmul
  X_cam = X_world @ self.cameras[cam_idx]['R'].T + self.cameras[cam_idx]['t']
/Users/nilamaitrachaity/miniforge3/envs/aruco_calibcam/lib/python3.10/site-packages/calibcamlib/camera.py:90: RuntimeWarning: divide by zero encountered in matmul
  x = x @ self.A.T
/Users/nilamaitrachaity/miniforge3/envs/aruco_calibcam/lib/python3.10/site-packages/calibcamlib/camera.py:90: RuntimeWarning: overflow encountered in matmul
  x = x @ self.A.T
/Users/nilamaitrachaity/miniforge3/envs/aruco_calibcam/lib/python3.10/site-packages/calibcamlib/camera.py:90: RuntimeWarning: invalid value encountered in matmul
  x = x @ self.A.T
      708            730        8.2638e+04      3.85e+00       1.29e-01       1.03e+04    
      709            731        8.2634e+04      3.84e+00       1.29e-01       1.02e+04    
      710            732        8.2630e+04      3.86e+00       1.30e-01       1.02e+04    
      711            733        8.2626e+04      3.91e+00       1.29e-01       1.02e+04    
      712            734        8.2622e+04      3.78e+00       1.30e-01       1.02e+04    
      713            735        8.2618e+04      3.88e+00       1.30e-01       1.02e+04    
      714            736        8.2615e+04      3.84e+00       1.30e-01       1.02e+04    
      715            737        8.2611e+04      3.83e+00       1.30e-01       1.02e+04    
      716            738        8.2607e+04      3.76e+00       1.30e-01       1.02e+04    
      717            739        8.2603e+04      3.88e+00       1.30e-01       1.01e+04    
      718            740        8.2599e+04      3.81e+00       1.30e-01       1.01e+04    
      719            741        8.2596e+04      3.77e+00       1.30e-01       1.01e+04    
      720            742        8.2592e+04      3.81e+00       1.30e-01       1.01e+04    
      721            743        8.2588e+04      3.75e+00       1.30e-01       1.01e+04    
      722            744        8.2584e+04      3.79e+00       1.30e-01       1.01e+04    
      723            745        8.2580e+04      3.80e+00       1.30e-01       1.01e+04    
      724            746        8.2577e+04      3.72e+00       1.31e-01       1.00e+04    
      725            747        8.2573e+04      3.78e+00       1.30e-01       1.00e+04    
      726            748        8.2569e+04      3.69e+00       1.31e-01       1.00e+04    
      727            749        8.2566e+04      3.75e+00       1.31e-01       1.00e+04    
      728            750        8.2562e+04      3.72e+00       1.31e-01       1.00e+04    
      729            751        8.2558e+04      3.79e+00       1.31e-01       9.99e+03    
      730            752        8.2554e+04      3.71e+00       1.31e-01       9.98e+03    
      731            753        8.2551e+04      3.73e+00       1.31e-01       9.96e+03    
      732            754        8.2547e+04      3.69e+00       1.31e-01       9.95e+03    
      733            755        8.2543e+04      3.72e+00       1.31e-01       9.94e+03    
      734            756        8.2540e+04      3.62e+00       1.31e-01       9.93e+03    
      735            757        8.2536e+04      3.77e+00       1.31e-01       9.91e+03    
      736            758        8.2532e+04      3.60e+00       1.31e-01       9.90e+03    
      737            759        8.2528e+04      3.71e+00       1.31e-01       9.89e+03    
      738            760        8.2525e+04      3.67e+00       1.31e-01       9.88e+03    
      739            761        8.2521e+04      3.66e+00       1.31e-01       9.87e+03    
      740            762        8.2517e+04      3.63e+00       1.32e-01       9.85e+03    
      741            763        8.2514e+04      3.65e+00       1.31e-01       9.84e+03    
      742            764        8.2510e+04      3.60e+00       1.32e-01       9.83e+03    
      743            765        8.2507e+04      3.66e+00       1.32e-01       9.82e+03    
      744            766        8.2503e+04      3.62e+00       1.32e-01       9.81e+03    
      745            767        8.2499e+04      3.64e+00       1.32e-01       9.79e+03    
      746            768        8.2496e+04      3.57e+00       1.32e-01       9.78e+03    
      747            769        8.2492e+04      3.65e+00       1.32e-01       9.77e+03    
      748            770        8.2489e+04      3.58e+00       1.32e-01       9.76e+03    
      749            771        8.2485e+04      3.64e+00       1.32e-01       9.74e+03    
      750            772        8.2481e+04      3.55e+00       1.32e-01       9.73e+03    
      751            773        8.2478e+04      3.62e+00       1.32e-01       9.72e+03    
      752            774        8.2474e+04      3.51e+00       1.32e-01       9.71e+03    
      753            775        8.2471e+04      3.59e+00       1.32e-01       9.70e+03    
      754            776        8.2467e+04      3.52e+00       1.32e-01       9.69e+03    
      755            777        8.2463e+04      3.59e+00       1.32e-01       9.67e+03    
      756            778        8.2460e+04      3.55e+00       1.33e-01       9.66e+03    
      757            779        8.2456e+04      3.54e+00       1.32e-01       9.65e+03    
      758            780        8.2453e+04      3.51e+00       1.33e-01       9.64e+03    
      759            781        8.2449e+04      3.50e+00       1.32e-01       9.63e+03    
      760            782        8.2446e+04      3.56e+00       1.33e-01       9.61e+03    
      761            783        8.2442e+04      3.48e+00       1.33e-01       9.60e+03    
      762            784        8.2439e+04      3.46e+00       1.33e-01       9.59e+03    
      763            785        8.2435e+04      3.63e+00       1.33e-01       9.58e+03    
      764            786        8.2432e+04      3.47e+00       1.33e-01       9.57e+03    
      765            787        8.2428e+04      3.44e+00       1.33e-01       9.56e+03    
      766            788        8.2425e+04      3.45e+00       1.33e-01       9.54e+03    
      767            789        8.2421e+04      3.52e+00       1.33e-01       9.53e+03    
      768            790        8.2418e+04      3.48e+00       1.33e-01       9.52e+03    
      769            791        8.2414e+04      3.46e+00       1.33e-01       9.51e+03    
      770            792        8.2411e+04      3.44e+00       1.33e-01       9.50e+03    
      771            793        8.2407e+04      3.53e+00       1.33e-01       9.49e+03    
      772            794        8.2404e+04      3.34e+00       1.33e-01       9.47e+03    
      773            795        8.2401e+04      3.45e+00       1.33e-01       9.46e+03    
      774            796        8.2397e+04      3.42e+00       1.34e-01       9.45e+03    
      775            797        8.2394e+04      3.45e+00       1.33e-01       9.44e+03    
      776            798        8.2390e+04      3.41e+00       1.34e-01       9.43e+03    
      777            799        8.2387e+04      3.45e+00       1.33e-01       9.42e+03    
      778            800        8.2384e+04      3.38e+00       1.34e-01       9.40e+03    
      779            801        8.2380e+04      3.41e+00       1.34e-01       9.39e+03    
      780            802        8.2377e+04      3.37e+00       1.34e-01       9.38e+03    
      781            803        8.2373e+04      3.38e+00       1.34e-01       9.37e+03    
      782            804        8.2370e+04      3.40e+00       1.34e-01       9.36e+03    
      783            805        8.2367e+04      3.41e+00       1.34e-01       9.35e+03    
      784            806        8.2363e+04      3.32e+00       1.34e-01       9.34e+03    
      785            807        8.2360e+04      3.40e+00       1.34e-01       9.33e+03    
      786            808        8.2357e+04      3.34e+00       1.34e-01       9.31e+03    
      787            809        8.2353e+04      3.40e+00       1.34e-01       9.30e+03    
      788            810        8.2350e+04      3.28e+00       1.34e-01       9.29e+03    
      789            811        8.2346e+04      3.40e+00       1.34e-01       9.28e+03    
      790            812        8.2343e+04      3.30e+00       1.34e-01       9.27e+03    
      791            813        8.2340e+04      3.37e+00       1.34e-01       9.26e+03    
      792            814        8.2337e+04      3.29e+00       1.35e-01       9.25e+03    
      793            815        8.2333e+04      3.34e+00       1.34e-01       9.23e+03    
      794            816        8.2330e+04      3.25e+00       1.35e-01       9.22e+03    
      795            817        8.2327e+04      3.36e+00       1.34e-01       9.21e+03    
      796            818        8.2323e+04      3.27e+00       1.35e-01       9.20e+03    
      797            819        8.2320e+04      3.31e+00       1.35e-01       9.19e+03    
      798            820        8.2317e+04      3.27e+00       1.35e-01       9.18e+03    
      799            821        8.2313e+04      3.27e+00       1.35e-01       9.17e+03    
      800            822        8.2310e+04      3.29e+00       1.35e-01       9.16e+03    
      801            823        8.2307e+04      3.27e+00       1.35e-01       9.14e+03    
      802            824        8.2304e+04      3.22e+00       1.35e-01       9.13e+03    
      803            825        8.2300e+04      3.34e+00       1.35e-01       9.12e+03    
      804            826        8.2297e+04      3.20e+00       1.35e-01       9.11e+03    
      805            827        8.2294e+04      3.30e+00       1.35e-01       9.10e+03    
      806            828        8.2291e+04      3.16e+00       1.35e-01       9.09e+03    
      807            829        8.2287e+04      3.25e+00       1.35e-01       9.08e+03    
      808            830        8.2284e+04      3.27e+00       1.35e-01       9.07e+03    
      809            831        8.2281e+04      3.24e+00       1.35e-01       9.06e+03    
      810            832        8.2278e+04      3.19e+00       1.36e-01       9.05e+03    
      811            833        8.2274e+04      3.23e+00       1.35e-01       9.03e+03    
      812            834        8.2271e+04      3.19e+00       1.36e-01       9.02e+03    
      813            835        8.2268e+04      3.22e+00       1.35e-01       9.01e+03    
      814            836        8.2265e+04      3.20e+00       1.36e-01       9.00e+03    
      815            837        8.2262e+04      3.20e+00       1.35e-01       8.99e+03    
      816            838        8.2259e+04      3.12e+00       1.36e-01       8.98e+03    
      817            839        8.2255e+04      3.23e+00       1.36e-01       8.97e+03    
      818            840        8.2252e+04      3.16e+00       1.36e-01       8.96e+03    
      819            841        8.2249e+04      3.19e+00       1.36e-01       8.95e+03    
      820            842        8.2246e+04      3.14e+00       1.36e-01       8.94e+03    
      821            843        8.2243e+04      3.16e+00       1.36e-01       8.93e+03    
      822            844        8.2240e+04      3.15e+00       1.36e-01       8.92e+03    
      823            845        8.2236e+04      3.19e+00       1.36e-01       8.90e+03    
      824            846        8.2233e+04      3.08e+00       1.36e-01       8.89e+03    
      825            847        8.2230e+04      3.15e+00       1.36e-01       8.88e+03    
      826            848        8.2227e+04      3.10e+00       1.36e-01       8.87e+03    
      827            849        8.2224e+04      3.13e+00       1.36e-01       8.86e+03    
      828            850        8.2221e+04      3.16e+00       1.36e-01       8.85e+03    
      829            851        8.2218e+04      3.13e+00       1.36e-01       8.84e+03    
      830            852        8.2215e+04      3.07e+00       1.36e-01       8.83e+03    
      831            853        8.2211e+04      3.10e+00       1.36e-01       8.82e+03    
      832            854        8.2208e+04      3.11e+00       1.37e-01       8.81e+03    
      833            855        8.2205e+04      3.11e+00       1.36e-01       8.80e+03    
      834            856        8.2202e+04      3.06e+00       1.37e-01       8.79e+03    
      835            857        8.2199e+04      3.09e+00       1.36e-01       8.78e+03    
      836            858        8.2196e+04      3.01e+00       1.37e-01       8.77e+03    
      837            859        8.2193e+04      3.12e+00       1.36e-01       8.76e+03    
      838            860        8.2190e+04      3.05e+00       1.37e-01       8.74e+03    
      839            861        8.2187e+04      3.08e+00       1.37e-01       8.73e+03    
      840            862        8.2184e+04      3.04e+00       1.37e-01       8.72e+03    
      841            863        8.2181e+04      3.08e+00       1.37e-01       8.71e+03    
      842            864        8.2178e+04      3.01e+00       1.37e-01       8.70e+03    
      843            865        8.2175e+04      3.11e+00       1.37e-01       8.69e+03    
      844            866        8.2172e+04      2.98e+00       1.37e-01       8.68e+03    
      845            867        8.2169e+04      3.05e+00       1.37e-01       8.67e+03    
      846            868        8.2166e+04      3.00e+00       1.37e-01       8.66e+03    
      847            869        8.2162e+04      3.05e+00       1.37e-01       8.65e+03    
      848            870        8.2159e+04      2.98e+00       1.37e-01       8.64e+03    
      849            871        8.2156e+04      3.01e+00       1.37e-01       8.63e+03    
      850            872        8.2154e+04      2.98e+00       1.37e-01       8.62e+03    
      851            873        8.2150e+04      3.07e+00       1.37e-01       8.61e+03    
      852            874        8.2147e+04      2.96e+00       1.37e-01       8.60e+03    
      853            875        8.2144e+04      3.01e+00       1.37e-01       8.59e+03    
      854            876        8.2142e+04      2.95e+00       1.38e-01       8.58e+03    
      855            877        8.2139e+04      2.98e+00       1.37e-01       8.57e+03    
      856            878        8.2136e+04      2.97e+00       1.38e-01       8.56e+03    
      857            879        8.2133e+04      2.98e+00       1.37e-01       8.55e+03    
      858            880        8.2130e+04      2.93e+00       1.38e-01       8.54e+03    
      859            881        8.2127e+04      2.57e+00       3.59e-02       8.53e+03    
      860            882        8.2124e+04      2.62e+00       5.10e-02       8.53e+03    
      861            883        8.2122e+04      2.62e+00       3.40e-02       8.52e+03    
      862            884        8.2117e+04      4.91e+00       5.09e-02       8.50e+03    
      863            885        8.2116e+04      1.12e+00       1.72e-01       8.47e+03    
      864            886        8.2108e+04      8.11e+00       7.80e-02       8.47e+03    
      865            887        8.2105e+04      3.02e+00       6.47e-02       8.46e+03    
      866            888        8.2102e+04      2.77e+00       2.46e-02       8.45e+03    
      867            889        8.2097e+04      5.18e+00       4.30e-02       8.43e+03    
      868            890        8.2093e+04      4.20e+00       1.43e-01       8.40e+03    
      869            892        8.2086e+04      6.48e+00       7.67e-02       8.40e+03    
      870            893        8.2083e+04      2.56e+00       5.07e-02       8.39e+03    
      871            894        8.2081e+04      2.69e+00       3.31e-02       8.38e+03    
      872            895        8.2076e+04      4.81e+00       5.39e-02       8.36e+03    
      873            896        8.2076e+04      4.69e-01       1.75e-01       8.33e+03    
      874            897        8.2067e+04      8.38e+00       7.82e-02       8.33e+03    
      875            898        8.2064e+04      3.14e+00       6.64e-02       8.32e+03    
      876            899        8.2061e+04      2.77e+00       2.18e-02       8.31e+03    
      877            900        8.2056e+04      5.19e+00       4.07e-02       8.29e+03    
      878            901        8.2051e+04      5.03e+00       1.33e-01       8.26e+03    
      879            903        8.2045e+04      5.93e+00       7.62e-02       8.25e+03    
      880            904        8.2043e+04      2.49e+00       4.36e-02       8.25e+03    
      881            905        8.2040e+04      2.66e+00       3.24e-02       8.24e+03    
      882            906        8.2035e+04      4.79e+00       5.41e-02       8.22e+03    
      883            907        8.2035e+04      6.25e-02       1.77e-01       8.19e+03    
      884            908        8.2027e+04      8.54e+00       7.83e-02       8.18e+03    
      885            909        8.2024e+04      2.42e+00       1.29e-01       8.17e+03    
      886            910        8.2022e+04      2.57e+00       3.63e-02       8.17e+03    
      887            911        8.2019e+04      2.48e+00       5.29e-02       8.16e+03    
/Users/nilamaitrachaity/miniforge3/envs/aruco_calibcam/lib/python3.10/site-packages/scipy/sparse/linalg/_isolve/lsmr.py:407: RuntimeWarning: overflow encountered in cast
  condA = max(maxrbar, rhotemp) / min(minrbar, rhotemp)
/Users/nilamaitrachaity/miniforge3/envs/aruco_calibcam/lib/python3.10/site-packages/scipy/sparse/linalg/_isolve/lsmr.py:406: RuntimeWarning: overflow encountered in cast
  minrbar = min(minrbar, rhobarold)
      888            912        8.2016e+04      2.59e+00       3.67e-02       8.15e+03    
      889            913        8.2012e+04      4.72e+00       5.39e-02       8.14e+03    
      890            915        8.2009e+04      2.48e+00       5.43e-02       8.13e+03    
      891            916        8.2007e+04      2.59e+00       3.53e-02       8.12e+03    
      892            917        8.2002e+04      4.58e+00       5.63e-02       8.10e+03    
      893            919        8.2000e+04      2.48e+00       5.62e-02       8.10e+03    
      894            920        8.1997e+04      2.55e+00       3.58e-02       8.09e+03    
      895            921        8.1992e+04      4.59e+00       5.60e-02       8.07e+03    
      896            923        8.1990e+04      2.48e+00       5.57e-02       8.06e+03    
      897            924        8.1987e+04      2.52e+00       3.60e-02       8.05e+03    
      898            925        8.1983e+04      4.62e+00       5.65e-02       8.03e+03    
      899            927        8.1980e+04      2.45e+00       5.67e-02       8.03e+03    
      900            928        8.1978e+04      2.47e+00       3.59e-02       8.02e+03    
      901            929        8.1973e+04      4.55e+00       5.72e-02       8.00e+03    
      902            931        8.1971e+04      2.48e+00       5.65e-02       7.99e+03    
      903            932        8.1968e+04      2.51e+00       3.63e-02       7.98e+03    
      904            933        8.1964e+04      4.49e+00       5.70e-02       7.97e+03    
      905            935        8.1961e+04      2.45e+00       5.72e-02       7.96e+03    
      906            936        8.1959e+04      2.50e+00       3.61e-02       7.95e+03    
      907            937        8.1954e+04      4.52e+00       5.79e-02       7.94e+03    
      908            939        8.1952e+04      2.42e+00       5.71e-02       7.93e+03    
      909            940        8.1950e+04      2.50e+00       3.65e-02       7.92e+03    
      910            941        8.1945e+04      4.48e+00       5.77e-02       7.90e+03    
      911            943        8.1943e+04      2.47e+00       5.78e-02       7.89e+03    
      912            944        8.1940e+04      2.39e+00       3.63e-02       7.89e+03    
      913            945        8.1936e+04      4.48e+00       5.88e-02       7.87e+03    
      914            947        8.1933e+04      2.48e+00       5.78e-02       7.86e+03    
      915            948        8.1931e+04      2.41e+00       3.67e-02       7.85e+03    
      916            949        8.1926e+04      4.41e+00       5.85e-02       7.84e+03    
      917            951        8.1924e+04      2.45e+00       5.84e-02       7.83e+03    
      918            952        8.1921e+04      2.47e+00       3.65e-02       7.82e+03    
      919            953        8.1917e+04      4.35e+00       5.94e-02       7.80e+03    
      920            954        8.1915e+04      2.27e+00       1.09e-01       7.79e+03    
      921            955        8.1912e+04      2.48e+00       1.40e-01       7.78e+03    
      922            956        8.1910e+04      2.56e+00       3.65e-02       7.78e+03    
      923            957        8.1907e+04      2.37e+00       5.39e-02       7.77e+03    
      924            958        8.1905e+04      2.41e+00       3.84e-02       7.76e+03    
      925            959        8.1901e+04      4.25e+00       6.06e-02       7.75e+03    
      926            960        8.1899e+04      2.14e+00       1.12e-01       7.73e+03    
      927            961        8.1896e+04      2.58e+00       1.40e-01       7.72e+03    
      928            962        8.1893e+04      2.56e+00       3.66e-02       7.72e+03    
      929            963        8.1891e+04      2.33e+00       5.40e-02       7.71e+03    
      930            964        8.1889e+04      2.41e+00       3.83e-02       7.71e+03    
      931            965        8.1884e+04      4.25e+00       6.22e-02       7.69e+03    
      932            966        8.1882e+04      2.02e+00       1.13e-01       7.68e+03    
      933            967        8.1880e+04      2.55e+00       1.41e-01       7.67e+03    
      934            968        8.1877e+04      2.54e+00       3.65e-02       7.66e+03    
      935            969        8.1875e+04      2.33e+00       5.39e-02       7.66e+03    
      936            970        8.1873e+04      2.41e+00       3.91e-02       7.65e+03    
      937            971        8.1868e+04      4.17e+00       6.22e-02       7.63e+03    
      938            972        8.1867e+04      1.98e+00       1.15e-01       7.62e+03    
      939            973        8.1864e+04      2.55e+00       3.66e-02       7.62e+03    
      940            974        8.1862e+04      2.36e+00       5.47e-02       7.61e+03    
      941            975        8.1859e+04      2.38e+00       3.92e-02       7.60e+03    
      942            976        8.1855e+04      4.08e+00       6.32e-02       7.59e+03    
      943            977        8.1853e+04      1.91e+00       1.16e-01       7.57e+03    
      944            978        8.1851e+04      2.60e+00       3.67e-02       7.57e+03    
      945            979        8.1848e+04      2.28e+00       5.53e-02       7.56e+03    
      946            980        8.1846e+04      2.38e+00       3.93e-02       7.56e+03    
      947            981        8.1842e+04      4.05e+00       6.37e-02       7.54e+03    
      948            982        8.1840e+04      1.86e+00       1.17e-01       7.53e+03    
      949            983        8.1838e+04      2.55e+00       3.68e-02       7.52e+03    
      950            984        8.1835e+04      2.34e+00       5.57e-02       7.52e+03    
      951            985        8.1833e+04      2.35e+00       3.96e-02       7.51e+03    
      952            986        8.1829e+04      3.97e+00       6.44e-02       7.49e+03    
      953            987        8.1827e+04      1.82e+00       1.18e-01       7.48e+03    
      954            988        8.1824e+04      2.63e+00       3.69e-02       7.48e+03    
      955            989        8.1822e+04      2.27e+00       5.61e-02       7.47e+03    
      956            990        8.1820e+04      2.34e+00       3.98e-02       7.46e+03    
      957            991        8.1816e+04      3.98e+00       6.51e-02       7.45e+03    
      958            992        8.1814e+04      1.71e+00       1.18e-01       7.43e+03    
      959            993        8.1812e+04      2.61e+00       3.69e-02       7.43e+03    
      960            994        8.1809e+04      2.34e+00       5.65e-02       7.43e+03    
      961            995        8.1807e+04      2.31e+00       4.00e-02       7.42e+03    
      962            996        8.1803e+04      3.87e+00       6.57e-02       7.40e+03    
      963            997        8.1801e+04      1.70e+00       1.19e-01       7.39e+03    
      964            998        8.1799e+04      2.63e+00       3.70e-02       7.39e+03    
      965            999        8.1796e+04      2.34e+00       5.69e-02       7.38e+03    
      966           1000        8.1794e+04      2.31e+00       4.02e-02       7.37e+03    
The maximum number of function evaluations is exceeded.
Function evaluations 1000, initial cost 2.1327e+05, final cost 8.1794e+04, first-order optimality 7.37e+03.
Optimization algorithm converged:	False
Time needed:				36 seconds
Testing objective function vs cameralib
(Minor differences possible due to common board pose in objfun)
Cam | n objfun      | n cameralib   | max objfun    | med objfun    | max cameralib | med cameralib | diff
  0 |          4344 |          4344 |        175.48 |          0.96 |        175.48 |          0.96 |          0.00
  1 |          4344 |          4344 |         11.34 |          2.37 |         11.34 |          2.37 |          0.00
OPTIMIZING ALL PARAMETERS III - Removed high error frames
Discarded 0.46% of detections due to high errors
Discarded 1.02% of frames due to high errors
Objective function took 0.0002511669881641865 s: squaresum 20887.712890625 over 27936 residuals. Shape (27936,).
Jacobian took 0.03422558301826939 s. Shape (27936, 1190), free vars 1190.
Starting optimization procedure
   Iteration     Total nfev        Cost      Cost reduction    Step norm     Optimality   
       0              1         1.0444e+04                                    8.69e+04    
       1              4         1.0242e+04      2.02e+02       3.31e+00       1.47e+05    
       2              5         9.7417e+03      5.00e+02       1.24e+01       4.81e+04    
       3              7         9.1504e+03      5.91e+02       2.58e+00       9.41e+04    
       4              8         9.0865e+03      6.39e+01       4.56e+00       4.29e+04    
       5              9         8.7713e+03      3.15e+02       1.54e-01       5.41e+04    
       6             10         8.7349e+03      3.64e+01       8.51e-01       1.30e+04    
       7             11         8.7134e+03      2.15e+01       1.21e+00       1.95e+04    
       8             12         8.6944e+03      1.90e+01       2.33e+00       4.85e+03    
       9             13         8.6646e+03      2.99e+01       4.72e+00       1.95e+04    
      10             15         8.6402e+03      2.44e+01       2.44e+00       1.66e+04    
      11             16         8.6133e+03      2.68e+01       4.94e+00       2.57e+04    
      12             18         8.5897e+03      2.37e+01       2.54e+00       2.21e+04    
      13             19         8.5645e+03      2.52e+01       5.13e+00       2.71e+04    
      14             21         8.5416e+03      2.29e+01       2.62e+00       2.41e+04    
      15             22         8.5176e+03      2.39e+01       5.29e+00       2.79e+04    
      16             24         8.4952e+03      2.24e+01       2.70e+00       2.57e+04    
      17             25         8.4713e+03      2.39e+01       5.45e+00       2.94e+04    
      18             27         8.4486e+03      2.27e+01       2.77e+00       2.84e+04    
      19             28         8.4229e+03      2.58e+01       5.60e+00       3.26e+04    
      20             30         8.3982e+03      2.47e+01       2.85e+00       3.51e+04    
      21             31         8.3720e+03      2.62e+01       5.74e+00       3.99e+04    
      22             33         8.3397e+03      3.23e+01       8.70e-01       7.35e+04    
      23             34         8.3002e+03      3.95e+01       4.22e-01       5.13e+04    
      24             35         8.2590e+03      4.13e+01       3.34e-01       5.24e+04    
      25             37         8.2366e+03      2.24e+01       3.06e-01       8.90e+04    
      26             38         8.2150e+03      2.16e+01       5.04e-01       2.32e+04    
      27             39         8.1840e+03      3.09e+01       3.90e-01       1.79e+04    
      28             40         8.1754e+03      8.59e+00       2.57e+00       1.93e+04    
      29             41         8.1496e+03      2.58e+01       1.09e+00       2.25e+04    
      30             42         8.1440e+03      5.61e+00       3.33e+00       2.31e+04    
      31             43         8.1395e+03      4.49e+00       6.67e+00       5.08e+03    
      32             44         8.1306e+03      8.92e+00       6.74e+00       1.17e+04    
      33             45         8.1234e+03      7.12e+00       6.77e+00       8.28e+03    
      34             46         8.1189e+03      4.55e+00       6.66e+00       8.25e+03    
      35             48         8.1118e+03      7.14e+00       1.60e+00       1.53e+04    
      36             49         8.1081e+03      3.63e+00       3.29e+00       2.03e+04    
      37             50         8.1063e+03      1.78e+00       6.67e+00       4.99e+03    
      38             51         8.1005e+03      5.82e+00       6.82e+00       1.47e+04    
      39             53         8.0957e+03      4.84e+00       1.74e+00       1.25e+04    
      40             54         8.0934e+03      2.31e+00       3.59e+00       1.21e+04    
      41             55         8.0924e+03      9.71e-01       7.15e+00       6.12e+03    
      42             56         8.0882e+03      4.20e+00       4.76e-01       8.61e+03    
      43             57         8.0871e+03      1.08e+00       1.58e+00       9.93e+02    
      44             58         8.0852e+03      1.87e+00       3.14e+00       5.94e+03    
      45             59         8.0846e+03      6.87e-01       6.20e+00       1.11e+04    
      46             60         8.0809e+03      3.62e+00       9.56e-01       1.59e+04    
      47             61         8.0800e+03      9.71e-01       1.64e+00       9.68e+02    
      48             62         8.0783e+03      1.65e+00       3.37e+00       5.14e+03    
      49             63         8.0780e+03      3.18e-01       6.49e+00       1.26e+04    
      50             64         8.0747e+03      3.33e+00       4.58e-01       9.42e+03    
      51             65         8.0739e+03      8.10e-01       1.52e+00       5.02e+02    
      52             66         8.0725e+03      1.37e+00       3.03e+00       3.83e+03    
      53             68         8.0716e+03      8.59e-01       1.48e+00       1.29e+03    
      54             69         8.0708e+03      8.33e-01       2.94e+00       2.99e+03    
      55             71         8.0702e+03      5.71e-01       5.36e-01       6.54e+03    
      56             72         8.0695e+03      6.99e-01       7.07e-01       5.87e+03    
      57             73         8.0690e+03      5.18e-01       1.32e+00       5.65e+02    
      58             74         8.0689e+03      1.25e-01       1.26e+00       1.46e+03    
      59             75         8.0682e+03      6.70e-01       2.43e-01       3.31e+03    
      60             76         8.0679e+03      3.63e-01       6.75e-01       2.20e+03    
      61             77         8.0672e+03      6.34e-01       1.35e+00       1.40e+03    
      62             78         8.0665e+03      7.28e-01       2.67e+00       3.48e+03    
      63             80         8.0661e+03      4.43e-01       4.15e-01       6.08e+03    
      64             81         8.0655e+03      5.31e-01       5.87e-01       3.48e+03    
      65             82         8.0650e+03      5.19e-01       1.11e+00       1.19e+03    
      66             83         8.0641e+03      8.54e-01       2.20e+00       2.64e+03    
      67             85         8.0639e+03      2.18e-01       6.71e-01       2.57e+03    
      68             86         8.0636e+03      3.22e-01       6.87e-01       1.10e+03    
      69             88         8.0633e+03      2.89e-01       1.39e-01       6.30e+02    
      70             89         8.0631e+03      1.92e-01       3.69e-01       5.43e+02    
      71             90         8.0628e+03      3.66e-01       7.81e-01       1.03e+03    
      72             91         8.0621e+03      6.81e-01       1.56e+00       2.02e+03    
      73             92         8.0611e+03      1.02e+00       3.10e+00       5.61e+03    
      74             94         8.0605e+03      5.83e-01       6.98e-01       2.31e+03    
      75             96         8.0602e+03      2.75e-01       3.38e-01       2.74e+03    
      76             97         8.0598e+03      3.63e-01       7.72e-01       2.59e+03    
      77             98         8.0592e+03      6.55e-01       1.54e+00       2.39e+03    
      78             99         8.0587e+03      4.41e-01       3.04e+00       8.33e+03    
      79             101        8.0581e+03      6.53e-01       2.81e-01       9.45e+03    
      80             102        8.0575e+03      5.61e-01       3.56e-01       8.37e+03    
      81             103        8.0573e+03      2.32e-01       4.76e-01       9.14e+02    
      82             104        8.0569e+03      4.23e-01       9.59e-01       4.38e+02    
      83             105        8.0561e+03      7.70e-01       1.91e+00       2.33e+03    
      84             107        8.0558e+03      3.51e-01       9.07e-01       5.60e+02    
      85             109        8.0556e+03      1.95e-01       1.86e-01       1.59e+03    
      86             110        8.0553e+03      2.19e-01       4.66e-01       1.48e+03    
      87             111        8.0549e+03      4.22e-01       9.53e-01       2.16e+02    
      88             112        8.0545e+03      4.56e-01       1.87e+00       1.67e+03    
      89             114        8.0542e+03      2.71e-01       2.99e-01       4.47e+03    
      90             115        8.0538e+03      4.18e-01       4.81e-01       3.96e+03    
      91             116        8.0534e+03      4.04e-01       9.01e-01       6.35e+02    
      92             117        8.0530e+03      4.02e-01       1.79e+00       1.76e+03    
      93             119        8.0527e+03      2.90e-01       2.81e-01       4.98e+03    
      94             120        8.0523e+03      4.03e-01       4.75e-01       5.01e+03    
      95             121        8.0519e+03      4.00e-01       8.72e-01       8.34e+02    
      96             122        8.0513e+03      6.12e-01       1.75e+00       2.25e+03    
      97             124        8.0511e+03      1.70e-01       4.49e-01       2.29e+03    
      98             125        8.0508e+03      2.99e-01       4.89e-01       4.13e+02    
      99             127        8.0506e+03      1.67e-01       2.36e-01       7.83e+02    
      100            128        8.0504e+03      2.42e-01       5.53e-01       1.38e+03    
      101            129        8.0499e+03      4.64e-01       1.11e+00       4.40e+02    
      102            130        8.0494e+03      5.45e-01       2.19e+00       3.17e+03    
      103            132        8.0491e+03      3.11e-01       2.33e-01       4.69e+03    
      104            133        8.0487e+03      3.39e-01       4.01e-01       3.96e+03    
      105            134        8.0484e+03      3.24e-01       7.70e-01       5.01e+02    
      106            135        8.0478e+03      5.72e-01       1.54e+00       1.62e+03    
      107            137        8.0477e+03      1.36e-01       4.85e-01       1.39e+03    
      108            138        8.0475e+03      1.69e-01       4.58e-01       6.36e+02    
      109            139        8.0474e+03      1.00e-01       4.39e-01       9.22e+02    
      110            140        8.0473e+03      1.53e-01       4.06e-01       9.45e+02    
      111            141        8.0471e+03      1.72e-01       4.24e-01       1.32e+03    
      112            142        8.0469e+03      1.98e-01       4.13e-01       1.74e+03    
      113            143        8.0467e+03      1.81e-01       4.13e-01       1.04e+03    
      114            144        8.0466e+03      1.25e-01       4.22e-01       1.30e+03    
      115            146        8.0464e+03      2.34e-01       9.08e-02       3.89e+03    
      116            147        8.0462e+03      1.36e-01       2.68e-01       7.74e+02    
      117            148        8.0460e+03      2.42e-01       5.85e-01       3.32e+02    
      118            149        8.0455e+03      4.43e-01       1.17e+00       7.45e+02    
      119            150        8.0450e+03      5.80e-01       2.31e+00       5.66e+03    
      120            152        8.0446e+03      3.72e-01       2.37e-01       4.46e+03    
      121            153        8.0443e+03      2.42e-01       6.76e-01       5.12e+03    
      122            155        8.0442e+03      1.37e-01       1.83e-01       8.73e+02    
      123            156        8.0440e+03      1.67e-01       4.25e-01       5.63e+02    
      124            157        8.0437e+03      3.26e-01       8.58e-01       2.77e+02    
      125            158        8.0432e+03      5.34e-01       1.71e+00       3.05e+03    
      126            160        8.0430e+03      1.65e-01       1.68e-01       1.57e+03    
      127            161        8.0429e+03      1.50e-01       4.08e-01       7.80e+01    
      128            162        8.0426e+03      2.81e-01       8.22e-01       4.21e+02    
      129            164        8.0425e+03      1.24e-01       2.85e-01       1.25e+02    
      130            165        8.0423e+03      1.98e-01       6.08e-01       4.54e+02    
      131            167        8.0422e+03      7.91e-02       1.68e-01       2.25e+02    
      132            168        8.0420e+03      1.34e-01       3.80e-01       3.14e+02    
      133            169        8.0418e+03      2.85e-01       7.64e-01       5.71e+02    
      134            170        8.0413e+03      4.46e-01       1.52e+00       3.07e+03    
      135            172        8.0412e+03      1.02e-01       8.50e-02       1.58e+03    
      136            173        8.0411e+03      8.25e-02       2.34e-01       2.54e+02    
      137            174        8.0410e+03      1.69e-01       4.90e-01       6.71e+02    
      138            176        8.0409e+03      6.93e-02       2.25e-01       1.16e+02    
      139            177        8.0408e+03      1.05e-01       2.46e-01       1.50e+02    
      140            178        8.0406e+03      1.70e-01       4.92e-01       1.61e+02    
      141            179        8.0403e+03      3.24e-01       9.85e-01       8.71e+02    
      142            181        8.0402e+03      7.96e-02       2.57e-01       1.70e+02    
      143            182        8.0401e+03      1.05e-01       5.09e-01       6.95e+02    
      144            184        8.0400e+03      8.94e-02       8.88e-02       1.53e+03    
      145            185        8.0399e+03      9.42e-02       2.44e-01       2.98e+02    
      146            186        8.0398e+03      1.45e-01       5.00e-01       8.09e+02    
      147            188        8.0397e+03      4.54e-02       9.54e-02       3.57e+02    
      148            189        8.0397e+03      8.54e-02       2.41e-01       3.22e+02    
      149            190        8.0395e+03      1.58e-01       4.83e-01       1.72e+02    
      150            191        8.0392e+03      2.89e-01       9.62e-01       1.14e+03    
      151            192        8.0392e+03      1.46e-03       3.53e-01       9.43e+02    
      152            193        8.0391e+03      1.22e-01       3.47e-02       2.08e+03    
      153            194        8.0390e+03      8.94e-02       1.91e-01       1.57e+02    
      154            195        8.0389e+03      1.24e-01       4.39e-01       6.60e+02    
      155            197        8.0388e+03      3.52e-02       8.78e-02       2.70e+02    
      156            198        8.0388e+03      4.83e-02       1.12e-01       5.73e+02    
      157            199        8.0387e+03      6.79e-02       2.24e-01       2.78e+02    
      158            200        8.0386e+03      1.45e-01       4.49e-01       3.06e+02    
      159            201        8.0383e+03      2.76e-01       8.99e-01       5.53e+02    
      160            202        8.0379e+03      3.98e-01       1.79e+00       7.00e+03    
      161            204        8.0378e+03      1.42e-01       5.13e-02       2.75e+03    
      162            205        8.0377e+03      6.35e-02       1.53e-01       2.96e+02    
      163            206        8.0376e+03      4.79e-02       1.80e-01       2.12e+02    
      164            207        8.0376e+03      6.10e-02       1.80e-01       1.71e+02    
      165            208        8.0375e+03      6.49e-02       1.84e-01       1.75e+02    
      166            210        8.0375e+03      3.08e-02       8.14e-02       3.76e+02    
      167            211        8.0375e+03      3.03e-02       1.05e-01       3.10e+02    
      168            212        8.0374e+03      6.69e-02       2.10e-01       2.48e+02    
      169            213        8.0373e+03      1.31e-01       4.20e-01       2.52e+02    
      170            214        8.0370e+03      2.44e-01       8.39e-01       8.79e+02    
      171            216        8.0370e+03      5.37e-02       1.22e-01       7.34e+01    
      172            217        8.0369e+03      6.49e-02       2.67e-01       1.55e+02    
      173            219        8.0369e+03      4.10e-02       1.24e-01       2.23e+02    
      174            220        8.0368e+03      8.79e-02       2.68e-01       1.10e+02    
      175            222        8.0367e+03      4.15e-02       1.24e-01       8.73e+01    
      176            223        8.0366e+03      8.15e-02       2.66e-01       2.83e+01    
      177            225        8.0366e+03      3.37e-02       1.18e-01       5.15e+01    
      178            226        8.0366e+03      3.52e-02       1.29e-01       4.14e+01    
      179            227        8.0365e+03      7.62e-02       2.64e-01       8.32e+01    
      180            228        8.0364e+03      1.43e-01       5.20e-01       1.96e+02    
      181            230        8.0363e+03      3.22e-02       5.48e-02       2.62e+02    
      182            231        8.0363e+03      6.30e-02       1.55e-01       6.45e+01    
      183            232        8.0362e+03      6.59e-02       3.11e-01       1.95e+02    
      184            233        8.0362e+03      3.91e-03       2.46e-01       4.60e+02    
      185            234        8.0361e+03      8.15e-02       2.80e-02       9.43e+02    
      186            235        8.0361e+03      3.47e-02       1.15e-01       1.29e+02    
      187            236        8.0360e+03      5.22e-02       1.46e-01       8.19e+01    
      188            237        8.0360e+03      6.79e-02       2.90e-01       1.52e+02    
      189            239        8.0359e+03      1.51e-02       5.18e-02       2.20e+02    
      190            240        8.0359e+03      3.76e-02       7.49e-02       1.27e+02    
      191            241        8.0359e+03      4.79e-02       1.60e-01       1.20e+02    
      192            242        8.0358e+03      9.47e-02       3.19e-01       1.11e+02    
      193            243        8.0356e+03      1.78e-01       6.36e-01       6.34e+02    
      194            244        8.0356e+03      5.86e-03       2.16e-01       5.36e+02    
      195            245        8.0355e+03      7.81e-02       3.73e-02       1.40e+03    
      196            246        8.0355e+03      3.42e-02       1.12e-01       1.57e+02    
      197            247        8.0354e+03      5.42e-02       1.37e-01       8.20e+01    
      198            248        8.0354e+03      4.05e-02       2.91e-01       2.05e+02    
      199            250        8.0353e+03      4.49e-02       4.02e-02       1.72e+02    
      200            251        8.0353e+03      4.98e-02       1.31e-01       6.23e+01    
      201            252        8.0352e+03      5.57e-02       2.85e-01       1.87e+02    
      202            254        8.0352e+03      3.56e-02       4.06e-02       3.12e+02    
      203            255        8.0352e+03      3.22e-02       6.64e-02       1.48e+02    
      204            256        8.0351e+03      3.81e-02       1.55e-01       2.10e+02    
      205            257        8.0350e+03      1.01e-01       3.12e-01       1.03e+02    
      206            258        8.0349e+03      1.50e-01       6.01e-01       6.03e+02    
      207            260        8.0348e+03      4.20e-02       4.95e-02       6.76e+02    
      208            261        8.0348e+03      4.05e-02       1.41e-01       7.41e+01    
      209            262        8.0347e+03      6.05e-02       2.67e-01       1.58e+02    
      210            264        8.0347e+03      3.52e-02       4.85e-02       3.70e+02    
      211            265        8.0347e+03      2.10e-02       6.96e-02       2.50e+02    
      212            266        8.0346e+03      4.05e-02       1.54e-01       1.26e+02    
      213            267        8.0345e+03      1.05e-01       3.04e-01       1.13e+02    
      214            268        8.0343e+03      1.77e-01       6.14e-01       6.17e+02    
      215            270        8.0343e+03      3.56e-02       6.55e-02       1.69e+02    
      216            271        8.0343e+03      4.15e-02       1.72e-01       1.55e+02    
      217            272        8.0342e+03      1.12e-01       3.57e-01       1.12e+02    
      218            273        8.0340e+03      1.90e-01       6.59e-01       5.74e+02    
      219            274        8.0340e+03      1.03e-02       2.72e-01       4.33e+02    
      220            275        8.0339e+03      6.74e-02       2.86e-02       5.03e+02    
      221            276        8.0338e+03      4.20e-02       1.03e-01       1.01e+02    
      222            277        8.0338e+03      3.81e-02       1.29e-01       4.98e+01    
      223            278        8.0337e+03      5.57e-02       2.45e-01       1.73e+02    
      224            280        8.0337e+03      4.30e-02       4.28e-02       1.69e+02    
      225            281        8.0337e+03      3.66e-02       1.24e-01       1.38e+02    
      226            282        8.0336e+03      4.69e-02       2.38e-01       3.52e+02    
      227            284        8.0336e+03      3.76e-02       4.24e-02       9.22e+02    
      228            285        8.0335e+03      4.44e-02       1.22e-01       1.41e+02    
      229            286        8.0335e+03      2.93e-02       2.32e-01       4.80e+02    
      230            288        8.0335e+03      5.18e-02       4.31e-02       8.33e+02    
      231            289        8.0334e+03      2.98e-02       1.22e-01       1.16e+02    
      232            290        8.0334e+03      4.74e-02       1.17e-01       6.08e+01    
      233            291        8.0333e+03      5.66e-02       2.58e-01       2.09e+02    
      234            293        8.0333e+03      2.29e-02       3.51e-02       5.75e+02    
      235            294        8.0333e+03      2.59e-02       5.55e-02       4.16e+02    
      236            295        8.0332e+03      5.22e-02       1.38e-01       2.87e+02    
      237            296        8.0331e+03      8.69e-02       2.72e-01       1.04e+02    
      238            297        8.0330e+03      1.78e-01       5.53e-01       5.47e+02    
      239            299        8.0329e+03      7.76e-02       2.23e-01       7.39e+02    
      240            300        8.0329e+03      9.77e-03       2.99e-01       6.58e+02    
      241            301        8.0328e+03      6.35e-02       3.02e-02       1.46e+03    
      242            302        8.0328e+03      3.61e-02       4.72e-02       4.36e+02    
      243            303        8.0327e+03      5.76e-02       1.48e-01       1.79e+02    
      244            304        8.0326e+03      1.02e-01       3.15e-01       3.97e+02    
      245            306        8.0326e+03      2.59e-02       5.75e-02       2.28e+02    
      246            307        8.0325e+03      4.15e-02       1.52e-01       1.53e+02    
      247            308        8.0324e+03      1.10e-01       3.22e-01       3.42e+02    
      248            309        8.0322e+03      1.87e-01       5.51e-01       2.41e+03    
      249            310        8.0322e+03      2.34e-02       3.47e-01       3.31e+02    
      250            312        8.0322e+03      5.66e-02       3.23e-02       1.02e+03    
      251            313        8.0321e+03      4.20e-02       9.17e-02       9.04e+01    
      252            314        8.0321e+03      4.49e-02       1.33e-01       9.64e+01    
      253            315        8.0321e+03      2.59e-02       2.09e-01       2.89e+02    
      254            317        8.0320e+03      6.01e-02       4.29e-02       5.27e+02    
      255            318        8.0320e+03      4.39e-02       1.20e-01       1.27e+02    
      256            319        8.0319e+03      3.56e-02       1.04e-01       8.22e+01    
      257            320        8.0319e+03      4.05e-02       1.23e-01       1.14e+02    
      258            321        8.0318e+03      3.03e-02       2.12e-01       4.57e+02    
      259            323        8.0318e+03      5.52e-02       3.90e-02       1.10e+03    
      260            324        8.0317e+03      4.69e-02       1.11e-01       1.36e+02    
      261            325        8.0317e+03      1.86e-02       2.07e-01       3.35e+02    
      262            326        8.0317e+03      6.10e-02       3.92e-02       3.22e+02    
      263            327        8.0316e+03      3.32e-02       1.03e-01       1.31e+02    
      264            328        8.0316e+03      4.49e-02       1.02e-01       9.21e+01    
      265            329        8.0316e+03      2.34e-02       2.27e-01       3.72e+02    
      266            331        8.0315e+03      5.76e-02       2.46e-02       5.52e+02    
      267            332        8.0315e+03      4.10e-02       4.12e-02       3.77e+02    
      268            333        8.0314e+03      4.20e-02       1.29e-01       5.12e+01    
      269            334        8.0313e+03      9.86e-02       2.58e-01       4.73e+01    
      270            336        8.0313e+03      2.73e-02       5.21e-02       1.04e+02    
      271            337        8.0313e+03      3.71e-02       1.38e-01       1.55e+02    
      272            338        8.0312e+03      6.01e-02       1.34e-01       2.83e+01    
      273            339        8.0311e+03      1.10e-01       2.74e-01       1.42e+02    
      274            340        8.0310e+03      1.26e-01       4.97e-01       1.05e+03    
      275            342        8.0309e+03      7.28e-02       4.21e-02       1.46e+03    
      276            343        8.0309e+03      3.71e-02       1.21e-01       1.53e+02    
      277            344        8.0308e+03      5.62e-02       9.89e-02       1.13e+02    
      278            346        8.0308e+03      2.39e-02       5.70e-02       4.75e+01    
      279            347        8.0307e+03      2.49e-02       6.61e-02       7.30e+01    
      280            348        8.0307e+03      5.27e-02       1.31e-01       1.13e+02    
      281            349        8.0306e+03      1.09e-01       2.63e-01       8.33e+01    
      282            350        8.0304e+03      2.06e-01       5.12e-01       1.69e+02    
      283            351        8.0300e+03      3.77e-01       1.13e+00       4.89e+03    
      284            352        8.0299e+03      8.64e-02       2.95e-01       1.77e+03    
      285            353        8.0299e+03      5.76e-02       4.36e-01       4.44e+02    
      286            354        8.0298e+03      5.42e-02       2.59e-01       4.35e+02    
      287            356        8.0298e+03      5.22e-02       5.95e-02       1.36e+03    
      288            357        8.0297e+03      4.88e-02       1.47e-01       6.96e+01    
      289            358        8.0296e+03      6.40e-02       1.83e-01       2.22e+02    
      290            360        8.0296e+03      4.30e-02       3.95e-02       4.15e+02    
      291            361        8.0295e+03      5.37e-02       1.06e-01       5.92e+01    
      292            362        8.0295e+03      5.37e-02       1.86e-01       1.67e+02    
      293            364        8.0294e+03      5.62e-02       3.66e-02       2.50e+02    
      294            365        8.0294e+03      4.20e-02       1.01e-01       5.82e+01    
      295            366        8.0293e+03      5.22e-02       1.86e-01       1.69e+02    
      296            368        8.0293e+03      5.13e-02       3.54e-02       1.45e+02    
      297            369        8.0292e+03      5.47e-02       9.75e-02       5.72e+01    
      298            370        8.0292e+03      6.40e-02       1.88e-01       1.97e+02    
      299            372        8.0291e+03      5.03e-02       3.54e-02       4.77e+02    
      300            373        8.0291e+03      4.35e-02       9.64e-02       9.57e+01    
      301            374        8.0290e+03      7.13e-02       1.89e-01       2.69e+02    
      302            376        8.0290e+03      3.42e-02       3.73e-02       2.82e+02    
      303            377        8.0289e+03      4.88e-02       9.70e-02       1.24e+02    
      304            378        8.0288e+03      9.47e-02       1.92e-01       9.59e+01    
      305            380        8.0288e+03      3.91e-02       5.24e-02       8.68e+01    
      306            381        8.0287e+03      7.03e-02       1.23e-01       3.34e+01    
      307            382        8.0286e+03      1.18e-01       2.45e-01       1.18e+02    
      308            383        8.0286e+03      1.37e-02       4.56e-01       1.06e+03    
      309            384        8.0284e+03      2.26e-01       4.04e-02       1.81e+03    
      310            385        8.0283e+03      6.98e-02       1.74e-01       5.14e+03    
      311            387        8.0282e+03      6.79e-02       2.72e-02       1.68e+02    
      312            388        8.0282e+03      5.18e-02       8.59e-02       9.80e+01    
      313            389        8.0281e+03      5.22e-02       1.83e-01       2.37e+02    
      314            391        8.0281e+03      5.91e-02       2.70e-02       1.66e+02    
      315            392        8.0280e+03      5.47e-02       8.52e-02       6.58e+01    
      316            393        8.0279e+03      8.50e-02       1.82e-01       1.40e+02    
      317            395        8.0279e+03      3.86e-02       3.03e-02       3.32e+02    
      318            396        8.0278e+03      5.22e-02       9.03e-02       3.10e+02    
      319            397        8.0277e+03      1.05e-01       1.85e-01       3.14e+02    
      320            399        8.0277e+03      6.45e-02       8.15e-02       5.46e+01    
      321            400        8.0276e+03      7.96e-02       1.73e-01       2.09e+02    
      322            402        8.0275e+03      4.30e-02       3.24e-02       6.23e+02    
      323            403        8.0275e+03      5.86e-02       9.38e-02       2.07e+02    
      324            404        8.0274e+03      1.16e-01       1.87e-01       3.76e+02    
      325            405        8.0272e+03      1.26e-01       3.64e-01       1.42e+03    
      326            407        8.0271e+03      1.01e-01       2.43e-02       2.36e+03    
      327            408        8.0271e+03      6.35e-02       7.83e-02       2.14e+02    
      328            409        8.0270e+03      7.13e-02       9.41e-02       7.87e+01    
      329            410        8.0269e+03      8.30e-02       1.89e-01       1.99e+02    
      330            412        8.0269e+03      6.35e-02       2.98e-02       1.06e+02    
      331            413        8.0268e+03      5.96e-02       8.59e-02       9.35e+01    
      332            414        8.0267e+03      1.12e-01       1.76e-01       1.48e+02    
      333            416        8.0266e+03      3.96e-02       3.63e-02       2.05e+02    
      334            417        8.0266e+03      4.74e-02       4.88e-02       2.91e+02    
      335            418        8.0265e+03      6.30e-02       9.67e-02       1.17e+02    
      336            419        8.0264e+03      1.37e-01       1.92e-01       1.87e+02    
      337            420        8.0262e+03      2.41e-01       3.78e-01       1.13e+03    
      338            422        8.0261e+03      5.32e-02       3.00e-02       7.92e+02    
      339            423        8.0260e+03      6.30e-02       8.26e-02       4.37e+02    
      340            424        8.0259e+03      1.28e-01       1.73e-01       2.37e+02    
      341            425        8.0258e+03      1.01e-01       3.25e-01       1.14e+03    
      342            427        8.0257e+03      1.43e-01       2.76e-02       2.80e+03    
      343            428        8.0256e+03      1.04e-01       9.22e-02       4.65e+02    
      344            429        8.0254e+03      1.55e-01       2.02e-01       1.90e+03    
      345            431        8.0254e+03      5.18e-02       3.21e-02       6.79e+02    
      346            432        8.0253e+03      7.52e-02       8.71e-02       3.40e+02    
      347            433        8.0251e+03      1.44e-01       1.75e-01       2.80e+02    
      348            434        8.0249e+03      2.60e-01       3.40e-01       1.11e+03    
      349            436        8.0248e+03      5.37e-02       3.32e-02       8.64e+02    
      350            437        8.0248e+03      5.47e-02       4.22e-02       9.54e+02    
      351            438        8.0247e+03      8.35e-02       8.77e-02       1.94e+02    
      352            439        8.0245e+03      1.57e-01       1.76e-01       6.44e+01    
      353            440        8.0242e+03      3.06e-01       3.41e-01       8.24e+02    
      354            442        8.0241e+03      9.13e-02       7.19e-02       2.72e+02    
      355            443        8.0240e+03      1.42e-01       1.50e-01       6.97e+01    
      356            444        8.0238e+03      2.33e-01       2.93e-01       4.68e+02    
      357            446        8.0237e+03      9.96e-02       3.20e-02       5.63e+02    
      358            447        8.0236e+03      8.06e-02       8.09e-02       7.65e+02    
      359            448        8.0234e+03      1.91e-01       1.75e-01       7.28e+01    
      360            449        8.0230e+03      3.57e-01       3.33e-01       7.42e+02    
      361            450        8.0227e+03      3.46e-01       6.62e-01       7.68e+03    
      362            452        8.0223e+03      3.90e-01       3.26e-02       5.31e+03    
      363            453        8.0221e+03      1.46e-01       8.77e-02       6.41e+02    
      364            454        8.0219e+03      2.82e-01       2.05e-01       2.23e+02    
      365            455        8.0214e+03      4.32e-01       4.04e-01       1.03e+03    
      366            457        8.0212e+03      2.15e-01       9.74e-02       5.19e+02    
      367            458        8.0209e+03      2.81e-01       1.98e-01       1.28e+03    
      368            459        8.0204e+03      5.31e-01       4.03e-01       2.18e+03    
      369            460        8.0199e+03      5.52e-01       7.56e-01       7.79e+03    
      370            462        8.0189e+03      9.09e-01       1.93e-01       1.60e+03    
      371            463        8.0187e+03      2.15e-01       3.22e-01       9.37e+02    
      372            465        8.0184e+03      3.74e-01       6.44e-02       5.08e+03    
      373            466        8.0180e+03      3.60e-01       1.68e-01       1.54e+03    
      374            467        8.0177e+03      2.75e-01       3.18e-01       1.28e+03    
      375            469        8.0174e+03      3.30e-01       6.10e-02       4.86e+03    
      376            470        8.0170e+03      3.71e-01       1.56e-01       1.68e+03    
      377            471        8.0166e+03      3.98e-01       2.99e-01       1.37e+03    
      378            473        8.0163e+03      2.77e-01       6.31e-02       3.71e+03    
      379            474        8.0160e+03      3.59e-01       1.49e-01       3.34e+03    
      380            475        8.0154e+03      5.59e-01       2.97e-01       1.36e+03    
      381            477        8.0152e+03      2.57e-01       1.37e-01       1.01e+03    
      382            478        8.0149e+03      2.47e-01       1.33e-01       5.53e+02    
      383            479        8.0148e+03      1.18e-01       1.21e-01       1.51e+03    
      384            481        8.0145e+03      3.21e-01       2.59e-02       4.75e+02    
      385            482        8.0143e+03      1.72e-01       6.50e-02       4.21e+02    
      386            483        8.0140e+03      3.19e-01       1.34e-01       5.84e+02    
      387            484        8.0134e+03      5.97e-01       2.72e-01       1.10e+03    
      388            485        8.0130e+03      3.69e-01       5.43e-01       6.56e+03    
      389            487        8.0120e+03      1.01e+00       9.38e-02       4.72e+03    
      390            488        8.0117e+03      2.94e-01       2.01e-01       1.00e+03    
      391            490        8.0113e+03      4.43e-01       4.37e-02       2.88e+03    
      392            491        8.0110e+03      2.90e-01       1.01e-01       2.36e+03    
      393            492        8.0104e+03      5.56e-01       1.97e-01       1.75e+03    
      394            493        8.0097e+03      6.95e-01       4.13e-01       4.08e+03    
      395            495        8.0091e+03      6.70e-01       9.76e-02       2.92e+03    
      396            496        8.0085e+03      5.32e-01       1.92e-01       2.43e+03    
      397            497        8.0084e+03      1.45e-01       3.77e-01       3.12e+03    
      398            498        8.0075e+03      9.29e-01       1.70e-01       5.77e+03    
      399            499        8.0070e+03      4.62e-01       1.40e-01       3.74e+02    
      400            500        8.0065e+03      4.61e-01       1.88e-01       4.72e+02    
      401            502        8.0062e+03      3.49e-01       8.73e-02       1.69e+03    
      402            503        8.0056e+03      5.51e-01       1.89e-01       3.33e+03    
      403            504        8.0050e+03      6.30e-01       3.55e-01       3.74e+03    
      404            506        8.0045e+03      5.17e-01       8.39e-02       4.21e+03    
      405            507        8.0040e+03      4.49e-01       1.15e-01       1.00e+03    
      406            508        8.0037e+03      3.56e-01       1.69e-01       6.66e+02    
      407            510        8.0034e+03      2.88e-01       3.91e-02       2.94e+03    
      408            511        8.0031e+03      2.87e-01       8.59e-02       2.69e+03    
      409            512        8.0026e+03      5.30e-01       1.75e-01       4.80e+02    
      410            513        8.0020e+03      5.70e-01       3.42e-01       3.05e+03    
      411            515        8.0015e+03      4.77e-01       6.84e-02       4.06e+03    
      412            516        8.0011e+03      4.53e-01       8.48e-02       2.20e+03    
      413            517        8.0007e+03      3.60e-01       1.48e-01       4.71e+02    
      414            519        8.0005e+03      2.05e-01       3.44e-02       2.49e+03    
      415            520        8.0003e+03      2.52e-01       7.42e-02       2.16e+03    
      416            521        7.9998e+03      4.53e-01       1.53e-01       2.65e+02    
      417            522        7.9994e+03      4.30e-01       2.93e-01       2.18e+03    
      418            524        7.9990e+03      4.04e-01       5.53e-02       4.55e+03    
      419            525        7.9986e+03      4.08e-01       1.21e-01       5.50e+03    
      420            526        7.9982e+03      3.96e-01       1.20e-01       5.68e+02    
      421            527        7.9977e+03      5.11e-01       2.39e-01       2.06e+03    
      422            529        7.9974e+03      2.16e-01       5.48e-02       3.25e+03    
      423            530        7.9971e+03      3.19e-01       9.27e-02       6.99e+02    
      424            531        7.9968e+03      2.98e-01       1.15e-01       3.68e+02    
      425            533        7.9967e+03      1.71e-01       5.44e-02       1.17e+03    
      426            534        7.9963e+03      3.28e-01       1.16e-01       7.82e+02    
      427            536        7.9962e+03      1.55e-01       5.48e-02       1.38e+03    
      428            537        7.9960e+03      1.82e-01       6.17e-02       1.69e+03    
      429            538        7.9957e+03      2.77e-01       1.14e-01       3.15e+02    
      430            540        7.9956e+03      1.41e-01       5.40e-02       1.00e+03    
      431            541        7.9954e+03      1.79e-01       5.47e-02       3.09e+02    
      432            542        7.9952e+03      1.58e-01       1.16e-01       6.11e+02    
      433            544        7.9951e+03      1.88e-01       2.50e-02       2.77e+03    
      434            545        7.9949e+03      1.56e-01       5.61e-02       1.32e+03    
      435            546        7.9947e+03      1.93e-01       1.14e-01       4.85e+02    
      436            548        7.9945e+03      1.64e-01       2.45e-02       2.73e+03    
      437            549        7.9944e+03      1.53e-01       5.73e-02       1.38e+03    
      438            550        7.9942e+03      1.91e-01       1.14e-01       4.42e+02    
      439            552        7.9940e+03      1.48e-01       2.45e-02       2.56e+03    
      440            553        7.9939e+03      1.53e-01       5.73e-02       1.49e+03    
      441            554        7.9937e+03      1.76e-01       1.14e-01       4.86e+02    
      442            556        7.9936e+03      1.47e-01       2.45e-02       2.69e+03    
      443            557        7.9934e+03      1.46e-01       5.75e-02       1.33e+03    
      444            558        7.9933e+03      1.19e-01       1.14e-01       6.28e+02    
      445            560        7.9931e+03      1.79e-01       2.60e-02       3.58e+03    
      446            561        7.9930e+03      1.29e-01       6.01e-02       7.63e+02    
/Users/nilamaitrachaity/miniforge3/envs/aruco_calibcam/lib/python3.10/site-packages/calibcamlib/camerasystem.py:78: RuntimeWarning: divide by zero encountered in matmul
  X_cam = X_world @ self.cameras[cam_idx]['R'].T + self.cameras[cam_idx]['t']
/Users/nilamaitrachaity/miniforge3/envs/aruco_calibcam/lib/python3.10/site-packages/calibcamlib/camerasystem.py:78: RuntimeWarning: overflow encountered in matmul
  X_cam = X_world @ self.cameras[cam_idx]['R'].T + self.cameras[cam_idx]['t']
/Users/nilamaitrachaity/miniforge3/envs/aruco_calibcam/lib/python3.10/site-packages/calibcamlib/camerasystem.py:78: RuntimeWarning: invalid value encountered in matmul
  X_cam = X_world @ self.cameras[cam_idx]['R'].T + self.cameras[cam_idx]['t']
/Users/nilamaitrachaity/miniforge3/envs/aruco_calibcam/lib/python3.10/site-packages/calibcamlib/camera.py:90: RuntimeWarning: divide by zero encountered in matmul
  x = x @ self.A.T
/Users/nilamaitrachaity/miniforge3/envs/aruco_calibcam/lib/python3.10/site-packages/calibcamlib/camera.py:90: RuntimeWarning: overflow encountered in matmul
  x = x @ self.A.T
/Users/nilamaitrachaity/miniforge3/envs/aruco_calibcam/lib/python3.10/site-packages/calibcamlib/camera.py:90: RuntimeWarning: invalid value encountered in matmul
  x = x @ self.A.T
INFO:__main__:Camera calibrated
INFO:__main__:Overall procedure took 261.7876924170414 s
      447            563        7.9929e+03      8.25e-02       3.09e-02       2.04e+03    
      448            564        7.9928e+03      1.50e-01       5.89e-02       7.62e+02    
      449            565        7.9925e+03      2.72e-01       1.17e-01       1.13e+03    
      450            567        7.9924e+03      8.30e-02       5.13e-02       8.46e+02    
      451            569        7.9924e+03      4.69e-02       1.72e-02       2.59e+02    
      452            570        7.9923e+03      7.57e-02       3.25e-02       1.60e+02    
      453            571        7.9921e+03      1.46e-01       6.35e-02       2.93e+02    
      454            572        7.9920e+03      1.44e-01       1.38e-01       1.71e+03    
      455            574        7.9919e+03      1.20e-01       1.88e-02       2.36e+03    
      456            575        7.9918e+03      4.74e-02       4.12e-02       2.58e+02    
      457            576        7.9918e+03      5.18e-02       3.26e-02       2.12e+02    
      458            577        7.9917e+03      4.25e-02       2.58e-02       2.03e+02    
      459            578        7.9917e+03      4.93e-02       2.82e-02       2.16e+02    
      460            579        7.9917e+03      3.91e-02       2.43e-02       2.11e+02    
      461            580        7.9916e+03      4.39e-02       2.82e-02       2.26e+02    
      462            581        7.9916e+03      4.49e-02       2.43e-02       2.19e+02    
      463            582        7.9915e+03      3.17e-02       2.96e-02       2.38e+02    
      464            583        7.9915e+03      4.98e-02       2.57e-02       2.30e+02    
      465            584        7.9914e+03      4.05e-02       3.16e-02       2.43e+02    
      466            585        7.9914e+03      3.81e-02       2.66e-02       2.33e+02    
      467            586        7.9914e+03      4.39e-02       3.32e-02       2.50e+02    
      468            587        7.9913e+03      3.86e-02       2.92e-02       2.39e+02    
      469            588        7.9913e+03      4.10e-02       3.84e-02       2.60e+02    
      470            589        7.9912e+03      3.81e-02       3.37e-02       2.47e+02    
      471            590        7.9912e+03      3.12e-02       4.22e-02       2.61e+02    
      472            591        7.9912e+03      4.15e-02       3.45e-02       2.45e+02    
      473            592        7.9911e+03      4.54e-02       4.21e-02       2.63e+02    
      474            593        7.9911e+03      3.32e-02       3.73e-02       2.54e+02    
      475            594        7.9910e+03      4.44e-02       4.54e-02       2.66e+02    
      476            595        7.9910e+03      3.37e-02       3.70e-02       2.50e+02    
      477            596        7.9910e+03      3.56e-02       4.66e-02       2.70e+02    
      478            597        7.9909e+03      4.20e-02       4.20e-02       2.58e+02    
      479            598        7.9909e+03      3.32e-02       4.86e-02       2.70e+02    
      480            599        7.9909e+03      3.03e-02       4.32e-02       2.61e+02    
      481            600        7.9908e+03      4.30e-02       5.35e-02       2.78e+02    
      482            601        7.9908e+03      3.61e-02       4.69e-02       2.61e+02    
      483            602        7.9908e+03      3.56e-02       5.79e-02       2.81e+02    
      484            603        7.9907e+03      1.81e-02       5.20e-02       2.64e+02    
      485            604        7.9907e+03      3.91e-02       2.39e-02       5.29e+02    
      486            605        7.9907e+03      3.42e-02       1.57e-02       2.03e+02    
      487            606        7.9906e+03      4.69e-02       2.87e-02       2.00e+02    
      488            608        7.9906e+03      2.83e-02       2.00e-02       4.55e+01    
      489            609        7.9905e+03      4.39e-02       2.50e-02       1.76e+02    
      490            610        7.9905e+03      7.32e-02       7.42e-02       9.92e+01    
      491            611        7.9905e+03      1.07e-02       7.85e-02       3.98e+02    
      492            612        7.9904e+03      5.66e-02       3.46e-02       5.27e+02    
      493            613        7.9904e+03      1.71e-02       2.45e-02       2.19e+02    
      494            614        7.9903e+03      3.76e-02       2.56e-02       5.42e+01    
      495            615        7.9903e+03      3.12e-02       7.16e-02       2.03e+02    
      496            616        7.9903e+03      8.79e-03       7.42e-02       5.45e+02    
      497            617        7.9902e+03      6.69e-02       2.98e-02       1.85e+02    
      498            618        7.9902e+03      3.17e-02       2.06e-02       1.12e+02    
      499            619        7.9902e+03      3.32e-02       2.23e-02       7.79e+01    
      500            620        7.9902e+03      5.37e-03       6.68e-02       3.05e+02    
      501            621        7.9901e+03      4.59e-02       2.74e-02       9.02e+02    
      502            622        7.9901e+03      2.93e-02       2.65e-02       9.49e+01    
      503            623        7.9901e+03      4.00e-02       3.71e-02       1.84e+02    
      504            624        7.9900e+03      1.81e-02       6.59e-02       3.83e+02    
      505            626        7.9900e+03      3.61e-02       2.18e-02       1.02e+03    
      506            627        7.9900e+03      2.25e-02       5.00e-02       8.58e+01    
      507            628        7.9899e+03      3.56e-02       3.98e-02       1.07e+02    
      508            629        7.9899e+03      1.66e-02       1.08e-01       3.58e+02    
      509            630        7.9899e+03      9.77e-03       1.05e-01       5.71e+02    
      510            631        7.9898e+03      7.52e-02       3.04e-02       3.04e+02    
      511            632        7.9898e+03      1.76e-02       2.09e-02       1.07e+02    
      512            633        7.9898e+03      3.17e-02       2.34e-02       1.10e+02    
      513            634        7.9898e+03      1.07e-02       7.23e-02       2.75e+02    
      514            635        7.9897e+03      4.10e-02       3.00e-02       7.62e+02    
      515            636        7.9897e+03      2.44e-02       1.65e-02       1.51e+02    
      516            637        7.9897e+03      3.17e-02       2.04e-02       1.58e+02    
      517            638        7.9896e+03      4.83e-02       3.82e-02       1.26e+02    
      518            639        7.9896e+03      1.17e-02       3.85e-02       3.14e+02    
      519            640        7.9896e+03      3.81e-02       9.06e-03       5.78e+02    
      520            641        7.9896e+03      2.29e-02       1.58e-02       9.37e+01    
      521            642        7.9895e+03      2.34e-02       1.74e-02       6.84e+01    
      522            643        7.9895e+03      3.76e-02       3.18e-02       1.12e+02    
      523            644        7.9895e+03      1.27e-02       3.32e-02       3.91e+02    
      524            645        7.9895e+03      3.42e-02       7.23e-03       7.28e+02    
      525            646        7.9894e+03      3.52e-02       7.53e-03       3.70e+02    
      526            647        7.9894e+03      1.76e-02       1.71e-02       8.69e+01    
      527            648        7.9894e+03      3.32e-02       1.79e-02       7.86e+01    
      528            649        7.9893e+03      3.76e-02       3.59e-02       2.35e+02    
      529            651        7.9893e+03      2.15e-02       8.41e-03       3.49e+02    
      530            652        7.9893e+03      2.34e-02       1.82e-02       1.93e+02    
      531            653        7.9893e+03      2.69e-02       4.29e-02       4.15e+02    
      532            654        7.9893e+03      6.84e-03       4.60e-02       3.78e+02    
      533            655        7.9892e+03      5.03e-02       1.49e-02       6.75e+02    
      534            656        7.9892e+03      1.17e-02       1.77e-02       1.58e+02    
      535            657        7.9892e+03      3.37e-02       1.79e-02       1.33e+02    
      536            658        7.9891e+03      1.17e-02       5.75e-02       3.55e+02    
      537            659        7.9891e+03      1.46e-02       5.76e-02       3.84e+02    
      538            660        7.9891e+03      4.20e-02       1.74e-02       6.99e+02    
      539            661        7.9891e+03      2.64e-02       1.93e-02       6.01e+01    
      540            662        7.9890e+03      1.61e-02       4.36e-02       1.37e+02    
      541            663        7.9890e+03      1.76e-02       6.39e-02       3.12e+02    
      542            664        7.9890e+03      2.10e-02       4.70e-02       3.46e+02    
      543            665        7.9890e+03      4.25e-02       1.99e-02       9.61e+01    
      544            666        7.9889e+03      2.20e-02       1.50e-02       5.70e+01    
      545            667        7.9889e+03      2.05e-02       1.82e-02       3.93e+01    
      546            668        7.9889e+03      2.34e-02       6.11e-02       1.50e+02    
      547            669        7.9889e+03      1.07e-02       7.10e-02       3.06e+02    
      548            670        7.9889e+03      3.76e-02       2.57e-02       6.29e+01    
      549            671        7.9888e+03      3.08e-02       2.16e-02       6.32e+01    
      550            672        7.9888e+03      1.12e-02       5.54e-02       2.37e+02    
      551            673        7.9888e+03      2.25e-02       7.74e-02       3.27e+02    
      552            674        7.9888e+03      2.10e-02       5.90e-02       3.49e+02    
      553            675        7.9887e+03      3.47e-02       2.65e-02       4.47e+02    
      554            676        7.9887e+03      1.32e-02       1.88e-02       5.99e+01    
      555            677        7.9887e+03      2.98e-02       2.60e-02       8.07e+01    
      556            678        7.9887e+03      2.73e-02       8.45e-02       1.06e+02    
      557            679        7.9887e+03      9.28e-03       9.98e-02       2.80e+02    
      558            680        7.9886e+03      3.17e-02       2.99e-02       2.16e+02    
      559            681        7.9886e+03      2.69e-02       2.93e-02       1.63e+02    
      560            682        7.9886e+03      5.86e-03       7.19e-02       5.92e+02    
      561            683        7.9886e+03      2.98e-02       2.64e-02       1.99e+02    
      562            684        7.9885e+03      2.44e-02       7.00e-02       1.37e+02    
      563            685        7.9885e+03      1.71e-02       9.26e-02       2.73e+02    
      564            686        7.9885e+03      1.71e-02       1.07e-01       1.91e+02    
      565            687        7.9885e+03      1.22e-02       8.72e-02       1.78e+02    
      566            688        7.9885e+03      4.88e-03       8.42e-02       3.11e+02    
      567            689        7.9885e+03      1.37e-02       7.31e-02       1.54e+02    
      568            690        7.9885e+03      1.81e-02       5.83e-02       2.58e+02    
      569            691        7.9884e+03      7.81e-03       3.43e-02       1.20e+02    
      570            692        7.9884e+03      3.91e-03       1.93e-02       1.94e+02    
      571            693        7.9884e+03      1.46e-02       1.29e-02       1.12e+02    
      572            695        7.9884e+03      9.77e-04       3.69e-03       7.82e+01    
      573            698        7.9884e+03      1.95e-03       1.11e-04       2.68e+01    
      574            703        7.9884e+03      0.00e+00       0.00e+00       2.68e+01    
`xtol` termination condition is satisfied.
Function evaluations 703, initial cost 1.0444e+04, final cost 7.9884e+03, first-order optimality 2.68e+01.
Optimization algorithm converged:	True
Time needed:				59 seconds
Testing objective function vs cameralib
(Minor differences possible due to common board pose in objfun)
Cam | n objfun      | n cameralib   | max objfun    | med objfun    | max cameralib | med cameralib | diff
  0 |          4322 |          4322 |          9.47 |          0.90 |          9.47 |          0.90 |          0.00
  1 |          4322 |          4322 |         11.41 |          2.41 |         11.41 |          2.41 |          0.00
SAVE MULTI CAMERA CALIBRATION
Setting offset to 0!
Inferring sensor size from image
Setting offset to 0!
Inferring sensor size from image
Saved multi camera calibration to file runs/pair_04/calibration/RMS7_NFEV1000_OFFSET_0_LEFT_T_RIGHT_T/output/multicam_calibration
SAVE FIUGRE WITH DETECTIONS
FINISHED MULTI CAMERA CALIBRATION
